"","Fecha","Último","Apertura","Máximo","Mínimo","X..var."
"1",2022-05-11,1.0527,1.0529,1.0537,1.0526,"-0,02%"
"2",2022-05-10,1.0529,1.0564,1.0586,1.0525,"-0,32%"
"3",2022-05-09,1.0563,1.0533,1.0592,1.0495,"0,14%"
"4",2022-05-06,1.0548,1.054,1.0599,1.0483,"0,08%"
"5",2022-05-05,1.054,1.0621,1.0642,1.0493,"-0,76%"
"6",2022-05-04,1.0621,1.0524,1.0631,1.0506,"0,96%"
"7",2022-05-03,1.052,1.0502,1.0579,1.0491,"0,10%"
"8",2022-05-02,1.051,1.0536,1.0567,1.0491,"-0,30%"
"9",2022-04-29,1.0541,1.0498,1.0593,1.0491,"0,45%"
"10",2022-04-28,1.0494,1.0557,1.0566,1.0471,"-0,58%"
"11",2022-04-27,1.0555,1.0638,1.0655,1.0513,"-0,76%"
"12",2022-04-26,1.0636,1.0713,1.074,1.0635,"-0,70%"
"13",2022-04-25,1.0711,1.0841,1.0842,1.0697,"-0,77%"
"14",2022-04-22,1.0794,1.0838,1.0853,1.077,"-0,39%"
"15",2022-04-21,1.0836,1.0853,1.0937,1.0824,"-0,13%"
"16",2022-04-20,1.085,1.0788,1.0868,1.0783,"0,59%"
"17",2022-04-19,1.0786,1.0783,1.0815,1.0761,"0,06%"
"18",2022-04-18,1.078,1.0805,1.0822,1.0769,"-0,24%"
"19",2022-04-15,1.0806,1.0828,1.0832,1.0796,"-0,19%"
"20",2022-04-14,1.0827,1.0887,1.0925,1.0757,"-0,53%"
"21",2022-04-13,1.0885,1.083,1.0896,1.0809,"0,54%"
"22",2022-04-12,1.0826,1.0882,1.0905,1.0821,"-0,52%"
"23",2022-04-11,1.0883,1.0935,1.0951,1.0872,"0,06%"
"24",2022-04-08,1.0876,1.0879,1.0892,1.0836,"-0,02%"
"25",2022-04-07,1.0878,1.0893,1.0939,1.0864,"-0,14%"
"26",2022-04-06,1.0893,1.0906,1.0939,1.0874,"-0,09%"
"27",2022-04-05,1.0903,1.0973,1.099,1.0899,"-0,61%"
"28",2022-04-04,1.097,1.1039,1.1056,1.096,"-0,75%"
"29",2022-04-01,1.1053,1.1065,1.1077,1.1027,"-0,11%"
"30",2022-03-31,1.1065,1.1158,1.1185,1.1061,"-0,82%"
"31",2022-03-30,1.1156,1.1087,1.1171,1.1083,"0,64%"
"32",2022-03-29,1.1085,1.098,1.1137,1.097,"0,97%"
"33",2022-03-28,1.0978,1.0989,1.1,1.0944,"-0,03%"
"34",2022-03-25,1.0981,1.0994,1.1039,1.0979,"-0,14%"
"35",2022-03-24,1.0996,1.1004,1.1014,1.0965,"-0,07%"
"36",2022-03-23,1.1004,1.1027,1.1044,1.0963,"-0,21%"
"37",2022-03-22,1.1027,1.1018,1.1047,1.096,"0,12%"
"38",2022-03-21,1.1014,1.1059,1.107,1.101,"-0,37%"
"39",2022-03-18,1.1055,1.1091,1.112,1.1003,"-0,31%"
"40",2022-03-17,1.1089,1.1036,1.1138,1.1008,"0,52%"
"41",2022-03-16,1.1032,1.0956,1.1048,1.0948,"0,74%"
"42",2022-03-15,1.0951,1.094,1.102,1.0926,"0,11%"
"43",2022-03-14,1.0939,1.0943,1.0994,1.09,"0,28%"
"44",2022-03-11,1.0909,1.0984,1.1044,1.0901,"-0,67%"
"45",2022-03-10,1.0983,1.1075,1.1121,1.0976,"-0,83%"
"46",2022-03-09,1.1075,1.0903,1.1096,1.089,"1,61%"
"47",2022-03-08,1.0899,1.0855,1.096,1.0848,"0,43%"
"48",2022-03-07,1.0852,1.0953,1.0953,1.0805,"-0,68%"
"49",2022-03-04,1.0926,1.1068,1.1069,1.0886,"-1,25%"
"50",2022-03-03,1.1064,1.1118,1.1125,1.1033,"-0,51%"
"51",2022-03-02,1.1121,1.1127,1.1147,1.1057,"-0,04%"
"52",2022-03-01,1.1126,1.1218,1.1234,1.109,"-0,83%"
"53",2022-02-28,1.1219,1.1179,1.1247,1.1122,"-0,43%"
"54",2022-02-25,1.1267,1.1192,1.1275,1.1165,"0,68%"
"55",2022-02-24,1.1191,1.1313,1.1314,1.1106,"-1,04%"
"56",2022-02-23,1.1309,1.1327,1.1359,1.13,"-0,14%"
"57",2022-02-22,1.1325,1.1312,1.1367,1.1287,"0,13%"
"58",2022-02-21,1.131,1.1315,1.1391,1.1306,"-0,10%"
"59",2022-02-18,1.1321,1.1362,1.1378,1.1314,"-0,34%"
"60",2022-02-17,1.136,1.1374,1.1386,1.1322,"-0,11%"
"61",2022-02-16,1.1373,1.136,1.1396,1.1344,"0,15%"
"62",2022-02-15,1.1356,1.1307,1.1369,1.1301,"0,45%"
"63",2022-02-14,1.1305,1.1344,1.137,1.1279,"-0,39%"
"64",2022-02-11,1.1349,1.1428,1.1431,1.1329,"-0,68%"
"65",2022-02-10,1.1427,1.1429,1.1496,1.1374,"0,04%"
"66",2022-02-09,1.1422,1.1416,1.1449,1.1402,"0,07%"
"67",2022-02-08,1.1414,1.1443,1.145,1.1395,"-0,24%"
"68",2022-02-07,1.1442,1.1468,1.1469,1.1415,"-0,06%"
"69",2022-02-04,1.1449,1.1439,1.1485,1.1411,"0,10%"
"70",2022-02-03,1.1438,1.1306,1.1452,1.1267,"1,19%"
"71",2022-02-02,1.1303,1.127,1.1331,1.1266,"0,30%"
"72",2022-02-01,1.1269,1.1234,1.1279,1.1221,"0,32%"
"73",2022-01-31,1.1233,1.1147,1.1249,1.1138,"0,81%"
"74",2022-01-28,1.1143,1.1146,1.1174,1.1121,"0,00%"
"75",2022-01-27,1.1143,1.124,1.1244,1.1132,"-0,84%"
"76",2022-01-26,1.1237,1.1301,1.1312,1.1235,"-0,55%"
"77",2022-01-25,1.1299,1.1324,1.133,1.1263,"-0,21%"
"78",2022-01-24,1.1323,1.1343,1.1346,1.129,"-0,15%"
"79",2022-01-21,1.134,1.1312,1.136,1.13,"0,27%"
"80",2022-01-20,1.131,1.1342,1.137,1.1302,"-0,27%"
"81",2022-01-19,1.1341,1.1321,1.1358,1.1318,"0,14%"
"82",2022-01-18,1.1325,1.1408,1.1422,1.1314,"-0,72%"
"83",2022-01-17,1.1407,1.1414,1.1436,1.1392,"-0,06%"
"84",2022-01-14,1.1414,1.1454,1.1484,1.1398,"-0,34%"
"85",2022-01-13,1.1453,1.1443,1.1482,1.1435,"0,10%"
"86",2022-01-12,1.1442,1.1366,1.1453,1.1354,"0,69%"
"87",2022-01-11,1.1364,1.1325,1.1375,1.1313,"0,35%"
"88",2022-01-10,1.1324,1.1353,1.1362,1.1285,"-0,31%"
"89",2022-01-07,1.1359,1.1293,1.1365,1.1289,"0,60%"
"90",2022-01-06,1.1291,1.1314,1.1332,1.1285,"-0,19%"
"91",2022-01-05,1.1313,1.1287,1.1347,1.1277,"0,25%"
"92",2022-01-04,1.1285,1.1298,1.1323,1.1272,"-0,08%"
"93",2022-01-03,1.1294,1.1365,1.1381,1.1279,"-0,65%"
"94",2021-12-31,1.1368,1.1324,1.1387,1.1302,"0,40%"
"95",2021-12-30,1.1323,1.1349,1.136,1.1298,"-0,22%"
"96",2021-12-29,1.1348,1.131,1.137,1.1273,"0,34%"
"97",2021-12-28,1.1309,1.1329,1.1335,1.1289,"-0,14%"
"98",2021-12-27,1.1325,1.1318,1.1335,1.1302,"0,07%"
"99",2021-12-24,1.1317,1.133,1.1344,1.1303,"-0,10%"
"100",2021-12-23,1.1328,1.1325,1.1343,1.1289,"0,04%"
"101",2021-12-22,1.1324,1.1279,1.1343,1.1264,"0,36%"
"102",2021-12-21,1.1283,1.1277,1.1303,1.126,"0,07%"
"103",2021-12-20,1.1275,1.1242,1.1305,1.1234,"0,32%"
"104",2021-12-17,1.1239,1.133,1.135,1.1235,"-0,79%"
"105",2021-12-16,1.1328,1.1286,1.1361,1.128,"0,38%"
"106",2021-12-15,1.1285,1.1259,1.13,1.1221,"0,25%"
"107",2021-12-14,1.1257,1.1285,1.1327,1.1253,"-0,23%"
"108",2021-12-13,1.1283,1.1316,1.1321,1.1259,"-0,25%"
"109",2021-12-10,1.1311,1.1293,1.1325,1.1264,"0,17%"
"110",2021-12-09,1.1292,1.1342,1.1348,1.1278,"-0,44%"
"111",2021-12-08,1.1342,1.1267,1.1356,1.1264,"0,70%"
"112",2021-12-07,1.1263,1.1287,1.1301,1.1228,"-0,19%"
"113",2021-12-06,1.1285,1.1321,1.1321,1.1266,"-0,25%"
"114",2021-12-03,1.1313,1.1301,1.1334,1.1265,"0,12%"
"115",2021-12-02,1.1299,1.132,1.1349,1.1294,"-0,18%"
"116",2021-12-01,1.1319,1.1339,1.136,1.1302,"-0,15%"
"117",2021-11-30,1.1336,1.1291,1.1384,1.1236,"0,40%"
"118",2021-11-29,1.1291,1.1309,1.1316,1.1258,"-0,23%"
"119",2021-11-26,1.1317,1.1209,1.1331,1.1205,"0,99%"
"120",2021-11-25,1.1206,1.1198,1.1231,1.1198,"0,08%"
"121",2021-11-24,1.1197,1.1248,1.1256,1.1185,"-0,44%"
"122",2021-11-23,1.1246,1.1237,1.1276,1.1226,"0,11%"
"123",2021-11-22,1.1234,1.1292,1.1293,1.123,"-0,49%"
"124",2021-11-19,1.1289,1.1371,1.1374,1.125,"-0,70%"
"125",2021-11-18,1.1369,1.1319,1.1375,1.1314,"0,44%"
"126",2021-11-17,1.1319,1.1321,1.1333,1.1264,"0,00%"
"127",2021-11-16,1.1319,1.1368,1.1386,1.1309,"-0,42%"
"128",2021-11-15,1.1367,1.1452,1.1465,1.1356,"-0,72%"
"129",2021-11-12,1.145,1.1454,1.1463,1.1432,"0,00%"
"130",2021-11-11,1.145,1.1482,1.1488,1.1443,"-0,24%"
"131",2021-11-10,1.1478,1.1593,1.1596,1.1475,"-0,97%"
"132",2021-11-09,1.1591,1.1588,1.1609,1.1569,"0,04%"
"133",2021-11-08,1.1586,1.1555,1.1595,1.155,"0,17%"
"134",2021-11-05,1.1566,1.1553,1.1574,1.1513,"0,12%"
"135",2021-11-04,1.1552,1.1611,1.1617,1.1528,"-0,50%"
"136",2021-11-03,1.161,1.1579,1.1617,1.1561,"0,29%"
"137",2021-11-02,1.1577,1.1605,1.1615,1.1574,"-0,25%"
"138",2021-11-01,1.1606,1.1559,1.161,1.1545,"0,39%"
"139",2021-10-29,1.1561,1.168,1.169,1.1535,"-1,01%"
"140",2021-10-28,1.1679,1.1605,1.1693,1.1581,"0,65%"
"141",2021-10-27,1.1604,1.1597,1.1626,1.1585,"0,08%"
"142",2021-10-26,1.1595,1.1607,1.1626,1.1585,"-0,09%"
"143",2021-10-25,1.1606,1.1644,1.1666,1.159,"-0,35%"
"144",2021-10-22,1.1647,1.1623,1.1656,1.1621,"0,22%"
"145",2021-10-21,1.1621,1.165,1.1668,1.1619,"-0,24%"
"146",2021-10-20,1.1649,1.1634,1.1659,1.1616,"0,15%"
"147",2021-10-19,1.1632,1.1611,1.167,1.1608,"0,20%"
"148",2021-10-18,1.1609,1.1597,1.1624,1.1571,"0,08%"
"149",2021-10-15,1.16,1.1599,1.1621,1.1588,"0,05%"
"150",2021-10-14,1.1594,1.1593,1.1625,1.1583,"0,02%"
"151",2021-10-13,1.1592,1.1528,1.1598,1.1527,"0,56%"
"152",2021-10-12,1.1527,1.1555,1.1571,1.1524,"-0,21%"
"153",2021-10-11,1.1551,1.1571,1.1588,1.1549,"-0,14%"
"154",2021-10-08,1.1567,1.1551,1.1586,1.154,"0,15%"
"155",2021-10-07,1.155,1.1556,1.1573,1.1547,"-0,05%"
"156",2021-10-06,1.1556,1.1603,1.1605,1.1529,"-0,34%"
"157",2021-10-05,1.1596,1.1623,1.1623,1.158,"-0,22%"
"158",2021-10-04,1.1621,1.1593,1.1641,1.1587,"0,23%"
"159",2021-10-01,1.1594,1.1582,1.1608,1.1563,"0,11%"
"160",2021-09-30,1.1581,1.1596,1.1611,1.1562,"-0,12%"
"161",2021-09-29,1.1595,1.1683,1.1691,1.1589,"-0,74%"
"162",2021-09-28,1.1681,1.1696,1.1704,1.1667,"-0,11%"
"163",2021-09-27,1.1694,1.1724,1.1728,1.1684,"-0,17%"
"164",2021-09-24,1.1714,1.1738,1.1748,1.17,"-0,19%"
"165",2021-09-23,1.1736,1.1686,1.1751,1.1683,"0,43%"
"166",2021-09-22,1.1686,1.1726,1.1757,1.1683,"-0,32%"
"167",2021-09-21,1.1723,1.1726,1.1751,1.1715,"-0,02%"
"168",2021-09-20,1.1725,1.1732,1.1737,1.17,"0,00%"
"169",2021-09-17,1.1725,1.1762,1.1789,1.1724,"-0,33%"
"170",2021-09-16,1.1764,1.1816,1.1822,1.1751,"-0,43%"
"171",2021-09-15,1.1815,1.1806,1.1833,1.1798,"0,11%"
"172",2021-09-14,1.1802,1.1812,1.1846,1.1799,"-0,05%"
"173",2021-09-13,1.1808,1.1813,1.1818,1.1769,"-0,05%"
"174",2021-09-10,1.1814,1.1826,1.1852,1.1809,"-0,09%"
"175",2021-09-09,1.1825,1.1817,1.1842,1.1804,"0,10%"
"176",2021-09-08,1.1813,1.184,1.1852,1.1802,"-0,22%"
"177",2021-09-07,1.1839,1.187,1.1885,1.1837,"-0,24%"
"178",2021-09-06,1.1868,1.1879,1.1888,1.1855,"-0,12%"
"179",2021-09-03,1.1882,1.1875,1.191,1.1866,"0,08%"
"180",2021-09-02,1.1873,1.1839,1.1877,1.1834,"0,30%"
"181",2021-09-01,1.1837,1.181,1.1858,1.1793,"0,25%"
"182",2021-08-31,1.1807,1.1797,1.1848,1.1795,"0,10%"
"183",2021-08-30,1.1795,1.1793,1.181,1.1782,"0,02%"
"184",2021-08-27,1.1793,1.1752,1.1803,1.1734,"0,37%"
"185",2021-08-26,1.175,1.1772,1.1781,1.1746,"-0,17%"
"186",2021-08-25,1.177,1.1754,1.1775,1.1725,"0,14%"
"187",2021-08-24,1.1753,1.1746,1.1766,1.1726,"0,09%"
"188",2021-08-23,1.1743,1.1694,1.1751,1.1691,"0,40%"
"189",2021-08-20,1.1696,1.1675,1.1705,1.1664,"0,19%"
"190",2021-08-19,1.1674,1.1711,1.1717,1.1666,"-0,31%"
"191",2021-08-18,1.171,1.171,1.1743,1.1694,"0,02%"
"192",2021-08-17,1.1708,1.1776,1.1786,1.1708,"-0,59%"
"193",2021-08-16,1.1777,1.1794,1.1802,1.1767,"-0,12%"
"194",2021-08-13,1.1791,1.173,1.1805,1.1727,"0,55%"
"195",2021-08-12,1.1727,1.1738,1.1749,1.1724,"-0,09%"
"196",2021-08-11,1.1737,1.172,1.1753,1.1705,"0,16%"
"197",2021-08-10,1.1718,1.1738,1.1744,1.171,"-0,16%"
"198",2021-08-09,1.1737,1.1762,1.1769,1.1734,"-0,20%"
"199",2021-08-06,1.176,1.1834,1.1837,1.1753,"-0,61%"
"200",2021-08-05,1.1832,1.1837,1.1858,1.1827,"-0,03%"
"201",2021-08-04,1.1835,1.1864,1.1901,1.1832,"-0,21%"
"202",2021-08-03,1.186,1.1868,1.1894,1.1853,"-0,06%"
"203",2021-08-02,1.1867,1.1864,1.1897,1.1858,"-0,03%"
"204",2021-07-30,1.187,1.1888,1.191,1.1851,"-0,13%"
"205",2021-07-29,1.1886,1.1845,1.1894,1.184,"0,37%"
"206",2021-07-28,1.1842,1.1817,1.1851,1.1773,"0,24%"
"207",2021-07-27,1.1814,1.1804,1.1841,1.1769,"0,13%"
"208",2021-07-26,1.1799,1.1778,1.1818,1.1763,"0,24%"
"209",2021-07-23,1.1771,1.1769,1.1788,1.1753,"0,01%"
"210",2021-07-22,1.177,1.1793,1.1831,1.1757,"-0,19%"
"211",2021-07-21,1.1792,1.1782,1.1805,1.1752,"0,11%"
"212",2021-07-20,1.1779,1.1801,1.1805,1.1755,"-0,16%"
"213",2021-07-19,1.1798,1.1808,1.1825,1.1763,"-0,06%"
"214",2021-07-16,1.1805,1.1814,1.1823,1.1791,"-0,06%"
"215",2021-07-15,1.1812,1.1837,1.1852,1.1796,"-0,19%"
"216",2021-07-14,1.1835,1.1776,1.1839,1.1772,"0,52%"
"217",2021-07-13,1.1774,1.1862,1.1876,1.1772,"-0,72%"
"218",2021-07-12,1.1859,1.1872,1.1881,1.1836,"-0,12%"
"219",2021-07-09,1.1873,1.1844,1.1882,1.1825,"0,26%"
"220",2021-07-08,1.1842,1.1792,1.1868,1.1783,"0,45%"
"221",2021-07-07,1.1789,1.1823,1.1839,1.1782,"-0,28%"
"222",2021-07-06,1.1822,1.1863,1.1896,1.1806,"-0,33%"
"223",2021-07-05,1.1861,1.1862,1.1882,1.1851,"-0,03%"
"224",2021-07-02,1.1864,1.1849,1.1875,1.1806,"0,14%"
"225",2021-07-01,1.1848,1.1859,1.1885,1.1837,"-0,06%"
"226",2021-06-30,1.1855,1.1897,1.191,1.1845,"-0,34%"
"227",2021-06-29,1.1895,1.1926,1.1932,1.1877,"-0,24%"
"228",2021-06-28,1.1924,1.1935,1.1946,1.1902,"-0,08%"
"229",2021-06-25,1.1933,1.1932,1.1976,1.1925,"0,03%"
"230",2021-06-24,1.193,1.1927,1.1957,1.1918,"0,04%"
"231",2021-06-23,1.1925,1.1939,1.197,1.1911,"-0,11%"
"232",2021-06-22,1.1938,1.1918,1.1954,1.1881,"0,19%"
"233",2021-06-21,1.1915,1.1868,1.1922,1.1847,"0,46%"
"234",2021-06-18,1.186,1.1908,1.1926,1.1846,"-0,39%"
"235",2021-06-17,1.1906,1.1996,1.2007,1.1891,"-0,73%"
"236",2021-06-16,1.1994,1.2127,1.2135,1.1993,"-1,07%"
"237",2021-06-15,1.2124,1.212,1.2149,1.21,"0,05%"
"238",2021-06-14,1.2118,1.211,1.2131,1.2093,"0,10%"
"239",2021-06-11,1.2106,1.217,1.2196,1.2092,"-0,52%"
"240",2021-06-10,1.2169,1.2181,1.2195,1.2142,"-0,07%"
"241",2021-06-09,1.2178,1.2173,1.2219,1.217,"0,06%"
"242",2021-06-08,1.2171,1.219,1.2196,1.2163,"-0,15%"
"243",2021-06-07,1.2189,1.2168,1.2203,1.2145,"0,20%"
"244",2021-06-04,1.2165,1.2129,1.2186,1.2104,"0,34%"
"245",2021-06-03,1.2124,1.221,1.2217,1.2118,"-0,70%"
"246",2021-06-02,1.2209,1.2214,1.2227,1.2163,"-0,02%"
"247",2021-06-01,1.2211,1.2227,1.2255,1.2211,"-0,11%"
"248",2021-05-31,1.2225,1.2192,1.2233,1.2183,"0,30%"
"249",2021-05-28,1.2189,1.2195,1.2205,1.2132,"-0,02%"
"250",2021-05-27,1.2192,1.2192,1.2216,1.2175,"0,02%"
"251",2021-05-26,1.219,1.2251,1.2263,1.2182,"-0,49%"
"252",2021-05-25,1.225,1.2217,1.2267,1.2211,"0,29%"
"253",2021-05-24,1.2215,1.2178,1.223,1.2172,"0,30%"
"254",2021-05-21,1.2179,1.2228,1.2241,1.2161,"-0,38%"
"255",2021-05-20,1.2226,1.2171,1.223,1.2169,"0,44%"
"256",2021-05-19,1.2172,1.2222,1.2246,1.216,"-0,39%"
"257",2021-05-18,1.222,1.2153,1.2234,1.2151,"0,57%"
"258",2021-05-17,1.2151,1.214,1.217,1.2126,"0,09%"
"259",2021-05-14,1.214,1.208,1.215,1.207,"0,51%"
"260",2021-05-13,1.2078,1.2073,1.2108,1.205,"0,07%"
"261",2021-05-12,1.2069,1.2148,1.2153,1.2065,"-0,63%"
"262",2021-05-11,1.2146,1.2129,1.2182,1.2122,"0,14%"
"263",2021-05-10,1.2129,1.2161,1.2178,1.2127,"-0,28%"
"264",2021-05-07,1.2163,1.2066,1.2172,1.2053,"0,82%"
"265",2021-05-06,1.2064,1.2005,1.2072,1.1992,"0,49%"
"266",2021-05-05,1.2005,1.2013,1.2027,1.1985,"-0,07%"
"267",2021-05-04,1.2013,1.2064,1.2066,1.1998,"-0,40%"
"268",2021-05-03,1.2061,1.2031,1.2076,1.2012,"0,36%"
"269",2021-04-30,1.2018,1.2116,1.2127,1.2016,"-0,83%"
"270",2021-04-29,1.2118,1.2126,1.215,1.2102,"-0,04%"
"271",2021-04-28,1.2123,1.2091,1.2135,1.2055,"0,27%"
"272",2021-04-27,1.209,1.2086,1.2093,1.2056,"0,06%"
"273",2021-04-26,1.2083,1.2093,1.2118,1.2061,"-0,13%"
"274",2021-04-23,1.2099,1.2015,1.21,1.2012,"0,70%"
"275",2021-04-22,1.2015,1.2035,1.207,1.1993,"-0,15%"
"276",2021-04-21,1.2033,1.2037,1.2045,1.1998,"0,00%"
"277",2021-04-20,1.2033,1.2036,1.2081,1.2022,"0,00%"
"278",2021-04-19,1.2033,1.1984,1.2049,1.1942,"0,42%"
"279",2021-04-16,1.1983,1.1967,1.1996,1.195,"0,15%"
"280",2021-04-15,1.1965,1.198,1.1995,1.1955,"-0,11%"
"281",2021-04-14,1.1978,1.1948,1.1988,1.1947,"0,27%"
"282",2021-04-13,1.1946,1.1911,1.1956,1.1878,"0,31%"
"283",2021-04-12,1.1909,1.1891,1.192,1.187,"0,11%"
"284",2021-04-09,1.1896,1.1913,1.1921,1.1867,"-0,13%"
"285",2021-04-08,1.1912,1.1867,1.1928,1.1861,"0,35%"
"286",2021-04-07,1.187,1.1875,1.1916,1.1861,"-0,04%"
"287",2021-04-06,1.1875,1.1814,1.1878,1.1795,"0,54%"
"288",2021-04-05,1.1811,1.1761,1.182,1.1738,"0,42%"
"289",2021-04-02,1.1762,1.1777,1.1788,1.1748,"-0,11%"
"290",2021-04-01,1.1775,1.1731,1.1781,1.1712,"0,40%"
"291",2021-03-31,1.1728,1.1716,1.176,1.1703,"0,12%"
"292",2021-03-30,1.1714,1.1764,1.1774,1.1711,"-0,41%"
"293",2021-03-29,1.1762,1.1795,1.1797,1.176,"-0,29%"
"294",2021-03-26,1.1796,1.1763,1.1805,1.1763,"0,27%"
"295",2021-03-25,1.1764,1.1813,1.1829,1.1761,"-0,41%"
"296",2021-03-24,1.1812,1.1851,1.1854,1.1809,"-0,31%"
"297",2021-03-23,1.1849,1.1935,1.1941,1.1841,"-0,69%"
"298",2021-03-22,1.1931,1.1899,1.1947,1.1871,"0,24%"
"299",2021-03-19,1.1903,1.1915,1.1939,1.1874,"-0,10%"
"300",2021-03-18,1.1915,1.1979,1.199,1.1906,"-0,53%"
"301",2021-03-17,1.1978,1.1906,1.1986,1.1885,"0,66%"
"302",2021-03-16,1.19,1.1929,1.1953,1.1882,"-0,23%"
"303",2021-03-15,1.1928,1.1952,1.1968,1.1911,"-0,20%"
"304",2021-03-12,1.1952,1.1983,1.199,1.191,"-0,27%"
"305",2021-03-11,1.1984,1.1928,1.199,1.1916,"0,49%"
"306",2021-03-10,1.1925,1.19,1.1931,1.1868,"0,23%"
"307",2021-03-09,1.1898,1.1847,1.1917,1.1835,"0,46%"
"308",2021-03-08,1.1843,1.1922,1.1933,1.1844,"-0,62%"
"309",2021-03-05,1.1917,1.1968,1.1978,1.1894,"-0,41%"
"310",2021-03-04,1.1966,1.2063,1.2068,1.1961,"-0,80%"
"311",2021-03-03,1.2062,1.2091,1.2113,1.2042,"-0,22%"
"312",2021-03-02,1.2089,1.2049,1.2095,1.1991,"0,35%"
"313",2021-03-01,1.2047,1.2079,1.2102,1.2027,"-0,22%"
"314",2021-02-26,1.2074,1.2176,1.2185,1.2062,"-0,84%"
"315",2021-02-25,1.2176,1.2163,1.2243,1.2155,"0,10%"
"316",2021-02-24,1.2164,1.215,1.2176,1.2109,"0,12%"
"317",2021-02-23,1.2149,1.2155,1.2181,1.2135,"-0,04%"
"318",2021-02-22,1.2154,1.2117,1.217,1.2091,"0,31%"
"319",2021-02-19,1.2117,1.2091,1.2145,1.2082,"0,24%"
"320",2021-02-18,1.2088,1.2037,1.2096,1.2035,"0,43%"
"321",2021-02-17,1.2036,1.2107,1.2111,1.2023,"-0,56%"
"322",2021-02-16,1.2104,1.213,1.217,1.2095,"-0,19%"
"323",2021-02-15,1.2127,1.2123,1.2146,1.2116,"0,07%"
"324",2021-02-12,1.2118,1.213,1.2135,1.2081,"-0,08%"
"325",2021-02-11,1.2128,1.2118,1.215,1.2112,"0,10%"
"326",2021-02-10,1.2116,1.2119,1.2145,1.2108,"-0,01%"
"327",2021-02-09,1.2117,1.2048,1.2122,1.2045,"0,57%"
"328",2021-02-08,1.2048,1.2042,1.2067,1.2019,"0,05%"
"329",2021-02-05,1.2042,1.1964,1.205,1.1952,"0,67%"
"330",2021-02-04,1.1962,1.2033,1.2043,1.1957,"-0,60%"
"331",2021-02-03,1.2034,1.2044,1.205,1.2003,"-0,07%"
"332",2021-02-02,1.2042,1.2059,1.2089,1.2011,"-0,14%"
"333",2021-02-01,1.2059,1.214,1.2146,1.2054,"-0,63%"
"334",2021-01-29,1.2136,1.2121,1.2156,1.2093,"0,12%"
"335",2021-01-28,1.2121,1.2109,1.2142,1.2079,"0,11%"
"336",2021-01-27,1.2108,1.216,1.217,1.2057,"-0,43%"
"337",2021-01-26,1.216,1.2138,1.2177,1.2107,"0,19%"
"338",2021-01-25,1.2137,1.2168,1.2184,1.2115,"-0,25%"
"339",2021-01-22,1.2167,1.2164,1.2191,1.2151,"0,04%"
"340",2021-01-21,1.2162,1.2106,1.2175,1.2103,"0,48%"
"341",2021-01-20,1.2104,1.2127,1.2158,1.2076,"-0,20%"
"342",2021-01-19,1.2128,1.2078,1.2146,1.2074,"0,43%"
"343",2021-01-18,1.2076,1.2085,1.2091,1.2054,"-0,02%"
"344",2021-01-15,1.2078,1.2155,1.2163,1.2074,"-0,64%"
"345",2021-01-14,1.2156,1.2157,1.2179,1.2111,"-0,01%"
"346",2021-01-13,1.2157,1.2208,1.2224,1.214,"-0,41%"
"347",2021-01-12,1.2207,1.2152,1.2211,1.2136,"0,48%"
"348",2021-01-11,1.2149,1.2217,1.2227,1.2132,"-0,56%"
"349",2021-01-08,1.2218,1.2273,1.2284,1.2191,"-0,42%"
"350",2021-01-07,1.227,1.2327,1.2346,1.2244,"-0,45%"
"351",2021-01-06,1.2325,1.2296,1.235,1.2265,"0,25%"
"352",2021-01-05,1.2294,1.2247,1.2307,1.2246,"0,38%"
"353",2021-01-04,1.2248,1.2231,1.231,1.2223,"0,29%"
"354",2021-01-01,1.2212,1.2216,1.2217,1.221,"-0,01%"
"355",2020-12-31,1.2213,1.2298,1.231,1.2209,"-0,67%"
"356",2020-12-30,1.2295,1.2248,1.2311,1.2246,"0,39%"
"357",2020-12-29,1.2247,1.2217,1.2276,1.2207,"0,27%"
"358",2020-12-28,1.2214,1.2202,1.2251,1.2181,"0,08%"
"359",2020-12-25,1.2204,1.2186,1.2212,1.2165,"0,15%"
"360",2020-12-24,1.2186,1.2188,1.2217,1.2177,"0,01%"
"361",2020-12-23,1.2185,1.2163,1.2221,1.2154,"0,20%"
"362",2020-12-22,1.2161,1.2244,1.2257,1.2151,"-0,66%"
"363",2020-12-21,1.2242,1.2242,1.2254,1.2129,"-0,11%"
"364",2020-12-18,1.2255,1.2268,1.2273,1.2225,"-0,09%"
"365",2020-12-17,1.2266,1.2199,1.2274,1.2191,"0,57%"
"366",2020-12-16,1.2197,1.2152,1.2213,1.2125,"0,38%"
"367",2020-12-15,1.2151,1.2143,1.217,1.2121,"0,07%"
"368",2020-12-14,1.2143,1.2131,1.2177,1.2115,"0,26%"
"369",2020-12-11,1.2111,1.2137,1.2163,1.2105,"-0,21%"
"370",2020-12-10,1.2136,1.2083,1.216,1.2075,"0,46%"
"371",2020-12-09,1.2081,1.2103,1.2148,1.2059,"-0,17%"
"372",2020-12-08,1.2101,1.2109,1.2134,1.2095,"-0,06%"
"373",2020-12-07,1.2108,1.2128,1.2167,1.2078,"-0,10%"
"374",2020-12-04,1.212,1.2142,1.2178,1.211,"-0,16%"
"375",2020-12-03,1.214,1.2115,1.2177,1.21,"0,21%"
"376",2020-12-02,1.2115,1.207,1.2119,1.204,"0,37%"
"377",2020-12-01,1.207,1.1928,1.2077,1.1926,"1,19%"
"378",2020-11-30,1.1928,1.1957,1.2004,1.1924,"-0,28%"
"379",2020-11-27,1.1962,1.1914,1.1965,1.1907,"0,41%"
"380",2020-11-26,1.1913,1.1916,1.1941,1.1884,"0,00%"
"381",2020-11-25,1.1913,1.1891,1.1931,1.1882,"0,21%"
"382",2020-11-24,1.1888,1.1842,1.1897,1.1837,"0,41%"
"383",2020-11-23,1.184,1.1853,1.1906,1.18,"-0,11%"
"384",2020-11-20,1.1853,1.1875,1.1891,1.1849,"-0,17%"
"385",2020-11-19,1.1873,1.1853,1.1883,1.1816,"0,18%"
"386",2020-11-18,1.1852,1.1863,1.1892,1.1848,"-0,08%"
"387",2020-11-17,1.1861,1.1852,1.1895,1.1842,"0,07%"
"388",2020-11-16,1.1853,1.1829,1.1869,1.1813,"0,18%"
"389",2020-11-13,1.1832,1.1805,1.1838,1.1798,"0,24%"
"390",2020-11-12,1.1804,1.1777,1.1824,1.1758,"0,23%"
"391",2020-11-11,1.1777,1.181,1.1834,1.1745,"-0,31%"
"392",2020-11-10,1.1814,1.1812,1.1844,1.178,"0,01%"
"393",2020-11-09,1.1813,1.1882,1.192,1.1795,"-0,50%"
"394",2020-11-06,1.1872,1.1826,1.1891,1.1795,"0,43%"
"395",2020-11-05,1.1821,1.1725,1.1861,1.171,"0,84%"
"396",2020-11-04,1.1722,1.1715,1.177,1.1603,"0,09%"
"397",2020-11-03,1.1711,1.164,1.174,1.1633,"0,61%"
"398",2020-11-02,1.164,1.1658,1.1658,1.1622,"-0,06%"
"399",2020-10-30,1.1647,1.1674,1.1705,1.1639,"-0,23%"
"400",2020-10-29,1.1674,1.1746,1.176,1.165,"-0,60%"
"401",2020-10-28,1.1744,1.1796,1.1798,1.1717,"-0,43%"
"402",2020-10-27,1.1795,1.181,1.1839,1.1793,"-0,11%"
"403",2020-10-26,1.1808,1.1858,1.1861,1.1803,"-0,43%"
"404",2020-10-23,1.1859,1.1819,1.1866,1.1787,"0,36%"
"405",2020-10-22,1.1816,1.1862,1.1868,1.1811,"-0,38%"
"406",2020-10-21,1.1861,1.1822,1.1882,1.1821,"0,34%"
"407",2020-10-20,1.1821,1.1769,1.1841,1.176,"0,47%"
"408",2020-10-19,1.1766,1.1722,1.1795,1.1703,"0,41%"
"409",2020-10-16,1.1718,1.1708,1.1746,1.1694,"0,10%"
"410",2020-10-15,1.1706,1.1747,1.176,1.1688,"-0,34%"
"411",2020-10-14,1.1746,1.1746,1.1772,1.1719,"0,02%"
"412",2020-10-13,1.1744,1.1813,1.1817,1.1731,"-0,58%"
"413",2020-10-12,1.1813,1.1819,1.1827,1.1786,"-0,09%"
"414",2020-10-09,1.1824,1.1759,1.1832,1.1753,"0,56%"
"415",2020-10-08,1.1758,1.1762,1.1782,1.1732,"-0,02%"
"416",2020-10-07,1.176,1.1735,1.1783,1.1724,"0,22%"
"417",2020-10-06,1.1734,1.1782,1.1809,1.1731,"-0,40%"
"418",2020-10-05,1.1781,1.1716,1.1798,1.1707,"0,58%"
"419",2020-10-02,1.1713,1.1748,1.1751,1.1695,"-0,29%"
"420",2020-10-01,1.1747,1.1719,1.177,1.1717,"0,25%"
"421",2020-09-30,1.1718,1.1743,1.1756,1.1684,"-0,20%"
"422",2020-09-29,1.1742,1.1666,1.1746,1.166,"0,67%"
"423",2020-09-28,1.1664,1.1638,1.1679,1.1615,"0,29%"
"424",2020-09-25,1.163,1.1671,1.1686,1.1612,"-0,36%"
"425",2020-09-24,1.1672,1.166,1.1688,1.1626,"0,11%"
"426",2020-09-23,1.1659,1.1708,1.1719,1.1651,"-0,40%"
"427",2020-09-22,1.1706,1.177,1.1774,1.1691,"-0,54%"
"428",2020-09-21,1.1769,1.1848,1.1873,1.1731,"-0,57%"
"429",2020-09-18,1.1837,1.1848,1.1871,1.1826,"-0,08%"
"430",2020-09-17,1.1847,1.1816,1.1854,1.1737,"0,28%"
"431",2020-09-16,1.1814,1.185,1.1883,1.1787,"-0,26%"
"432",2020-09-15,1.1845,1.1865,1.1901,1.1839,"-0,19%"
"433",2020-09-14,1.1868,1.184,1.1889,1.183,"0,19%"
"434",2020-09-11,1.1845,1.1814,1.1875,1.1812,"0,27%"
"435",2020-09-10,1.1813,1.1801,1.1918,1.18,"0,09%"
"436",2020-09-09,1.1802,1.1777,1.1834,1.1753,"0,20%"
"437",2020-09-08,1.1779,1.1817,1.1829,1.1765,"-0,32%"
"438",2020-09-07,1.1817,1.1833,1.1849,1.1811,"-0,18%"
"439",2020-09-04,1.1838,1.185,1.1866,1.1781,"-0,09%"
"440",2020-09-03,1.1849,1.1852,1.1866,1.1789,"-0,03%"
"441",2020-09-02,1.1853,1.1911,1.1931,1.1822,"-0,48%"
"442",2020-09-01,1.191,1.1936,1.2012,1.1901,"-0,22%"
"443",2020-08-31,1.1936,1.1899,1.1967,1.1883,"0,28%"
"444",2020-08-28,1.1903,1.1822,1.192,1.181,"0,69%"
"445",2020-08-27,1.1821,1.1831,1.1902,1.1762,"-0,07%"
"446",2020-08-26,1.1829,1.1834,1.1841,1.1772,"-0,03%"
"447",2020-08-25,1.1833,1.1793,1.1845,1.1783,"0,39%"
"448",2020-08-24,1.1787,1.1787,1.1851,1.1783,"-0,07%"
"449",2020-08-21,1.1795,1.186,1.1883,1.1754,"-0,54%"
"450",2020-08-20,1.1859,1.1839,1.1869,1.1802,"0,19%"
"451",2020-08-19,1.1836,1.1931,1.1954,1.183,"-0,78%"
"452",2020-08-18,1.1929,1.187,1.1967,1.1865,"0,51%"
"453",2020-08-17,1.1869,1.184,1.1882,1.1829,"0,24%"
"454",2020-08-14,1.1841,1.1815,1.1852,1.1782,"0,25%"
"455",2020-08-13,1.1812,1.1786,1.1865,1.1781,"0,25%"
"456",2020-08-12,1.1782,1.174,1.1816,1.171,"0,37%"
"457",2020-08-11,1.1739,1.1738,1.1808,1.1722,"0,03%"
"458",2020-08-10,1.1736,1.1788,1.1803,1.1736,"-0,42%"
"459",2020-08-07,1.1786,1.1877,1.1884,1.1755,"-0,75%"
"460",2020-08-06,1.1875,1.1863,1.1917,1.1818,"0,12%"
"461",2020-08-05,1.1861,1.1802,1.1906,1.1793,"0,52%"
"462",2020-08-04,1.18,1.1765,1.1807,1.172,"0,33%"
"463",2020-08-03,1.1761,1.1783,1.1797,1.1696,"-0,11%"
"464",2020-07-31,1.1774,1.1846,1.191,1.176,"-0,61%"
"465",2020-07-30,1.1846,1.1788,1.1849,1.1731,"0,47%"
"466",2020-07-29,1.179,1.1718,1.1807,1.1714,"0,65%"
"467",2020-07-28,1.1714,1.1753,1.1774,1.1698,"-0,31%"
"468",2020-07-27,1.1751,1.1646,1.1782,1.1637,"0,83%"
"469",2020-07-24,1.1654,1.1597,1.1659,1.158,"0,52%"
"470",2020-07-23,1.1594,1.1575,1.1628,1.1539,"0,22%"
"471",2020-07-22,1.1568,1.1528,1.1602,1.1507,"0,36%"
"472",2020-07-21,1.1526,1.1447,1.154,1.1422,"0,72%"
"473",2020-07-20,1.1444,1.141,1.1468,1.1401,"0,16%"
"474",2020-07-17,1.1426,1.1384,1.1444,1.1377,"0,38%"
"475",2020-07-16,1.1383,1.1411,1.1443,1.137,"-0,24%"
"476",2020-07-15,1.141,1.14,1.1452,1.1391,"0,12%"
"477",2020-07-14,1.1396,1.1343,1.1409,1.1324,"0,49%"
"478",2020-07-13,1.134,1.13,1.1375,1.1297,"0,37%"
"479",2020-07-10,1.1298,1.1285,1.1326,1.1255,"0,15%"
"480",2020-07-09,1.1281,1.1329,1.1372,1.1279,"-0,42%"
"481",2020-07-08,1.1329,1.1273,1.1352,1.1262,"0,52%"
"482",2020-07-07,1.127,1.1308,1.1334,1.1258,"-0,34%"
"483",2020-07-06,1.1308,1.1242,1.1346,1.124,"0,53%"
"484",2020-07-03,1.1248,1.1239,1.1254,1.1219,"0,09%"
"485",2020-07-02,1.1238,1.1252,1.1303,1.1222,"-0,11%"
"486",2020-07-01,1.125,1.1233,1.1276,1.1185,"0,17%"
"487",2020-06-30,1.1231,1.1242,1.1263,1.1191,"-0,08%"
"488",2020-06-29,1.124,1.1227,1.1289,1.1216,"0,21%"
"489",2020-06-26,1.1217,1.1218,1.1241,1.1194,"0,00%"
"490",2020-06-25,1.1217,1.1251,1.1261,1.119,"-0,29%"
"491",2020-06-24,1.125,1.1308,1.1327,1.1248,"-0,50%"
"492",2020-06-23,1.1306,1.1259,1.135,1.1233,"0,43%"
"493",2020-06-22,1.1258,1.1185,1.1271,1.1168,"0,74%"
"494",2020-06-19,1.1175,1.1205,1.1255,1.1168,"-0,24%"
"495",2020-06-18,1.1202,1.1244,1.1264,1.1185,"-0,36%"
"496",2020-06-17,1.1243,1.1264,1.1295,1.1207,"-0,18%"
"497",2020-06-16,1.1263,1.1325,1.1353,1.1228,"-0,52%"
"498",2020-06-15,1.1322,1.1245,1.1334,1.1226,"0,60%"
"499",2020-06-12,1.1254,1.1299,1.1341,1.1212,"-0,38%"
"500",2020-06-11,1.1297,1.1373,1.1404,1.1287,"-0,63%"
"501",2020-06-10,1.1369,1.134,1.1423,1.1322,"0,26%"
"502",2020-06-09,1.134,1.1297,1.1365,1.1241,"0,43%"
"503",2020-06-08,1.1292,1.1289,1.1321,1.1267,"0,07%"
"504",2020-06-05,1.1284,1.1337,1.1385,1.1278,"-0,46%"
"505",2020-06-04,1.1336,1.1234,1.1363,1.1194,"0,93%"
"506",2020-06-03,1.1232,1.1172,1.1257,1.1166,"0,56%"
"507",2020-06-02,1.1169,1.1137,1.1197,1.1114,"0,31%"
"508",2020-06-01,1.1134,1.1097,1.1155,1.1095,"0,32%"
"509",2020-05-29,1.1098,1.1078,1.1146,1.107,"0,20%"
"510",2020-05-28,1.1076,1.1005,1.1094,1.0991,"0,66%"
"511",2020-05-27,1.1003,1.0983,1.1032,1.0934,"0,21%"
"512",2020-05-26,1.098,1.0899,1.0997,1.0891,"0,74%"
"513",2020-05-25,1.0899,1.0903,1.0915,1.087,"-0,01%"
"514",2020-05-22,1.09,1.0949,1.0961,1.0885,"-0,45%"
"515",2020-05-21,1.0949,1.0979,1.101,1.0936,"-0,26%"
"516",2020-05-20,1.0977,1.0928,1.1,1.0918,"0,51%"
"517",2020-05-19,1.0921,1.0913,1.0977,1.0901,"0,08%"
"518",2020-05-18,1.0912,1.0816,1.0927,1.0799,"0,90%"
"519",2020-05-15,1.0815,1.0805,1.0851,1.0789,"0,10%"
"520",2020-05-14,1.0804,1.0819,1.0826,1.0775,"-0,11%"
"521",2020-05-13,1.0816,1.0848,1.0897,1.0811,"-0,28%"
"522",2020-05-12,1.0846,1.0807,1.0885,1.0784,"0,37%"
"523",2020-05-11,1.0806,1.0838,1.0851,1.08,"-0,31%"
"524",2020-05-08,1.084,1.0833,1.0876,1.0814,"0,07%"
"525",2020-05-07,1.0832,1.0795,1.0835,1.0766,"0,35%"
"526",2020-05-06,1.0794,1.0836,1.0848,1.0782,"-0,41%"
"527",2020-05-05,1.0838,1.0907,1.0927,1.0826,"-0,62%"
"528",2020-05-04,1.0906,1.098,1.098,1.0895,"-0,70%"
"529",2020-05-01,1.0983,1.0956,1.1019,1.0934,"0,26%"
"530",2020-04-30,1.0955,1.0872,1.0973,1.0833,"0,75%"
"531",2020-04-29,1.0873,1.0819,1.0886,1.0818,"0,51%"
"532",2020-04-28,1.0818,1.0829,1.089,1.081,"-0,09%"
"533",2020-04-27,1.0828,1.0809,1.0862,1.0808,"0,07%"
"534",2020-04-24,1.082,1.0778,1.0831,1.0726,"0,41%"
"535",2020-04-23,1.0776,1.0824,1.0848,1.0755,"-0,43%"
"536",2020-04-22,1.0822,1.0857,1.0886,1.0802,"-0,31%"
"537",2020-04-21,1.0856,1.0862,1.0882,1.0816,"-0,06%"
"538",2020-04-20,1.0862,1.0875,1.0898,1.0841,"-0,13%"
"539",2020-04-17,1.0876,1.0835,1.0893,1.0812,"0,38%"
"540",2020-04-16,1.0835,1.0911,1.0913,1.0817,"-0,66%"
"541",2020-04-15,1.0907,1.098,1.0991,1.0856,"-0,66%"
"542",2020-04-14,1.0979,1.0914,1.0988,1.0904,"0,60%"
"543",2020-04-13,1.0913,1.0941,1.0969,1.0892,"-0,20%"
"544",2020-04-10,1.0935,1.093,1.0953,1.0919,"0,07%"
"545",2020-04-09,1.0927,1.0857,1.0953,1.0841,"0,65%"
"546",2020-04-08,1.0856,1.0891,1.0904,1.0829,"-0,30%"
"547",2020-04-07,1.0889,1.0793,1.0926,1.0783,"0,91%"
"548",2020-04-06,1.0791,1.0813,1.0835,1.0768,"-0,16%"
"549",2020-04-03,1.0808,1.0858,1.0865,1.0773,"-0,44%"
"550",2020-04-02,1.0856,1.0964,1.097,1.082,"-0,97%"
"551",2020-04-01,1.0962,1.1031,1.104,1.0903,"-0,61%"
"552",2020-03-31,1.1029,1.1049,1.1056,1.0926,"-0,15%"
"553",2020-03-30,1.1046,1.1136,1.1145,1.101,"-0,84%"
"554",2020-03-27,1.114,1.103,1.1148,1.0953,"1,02%"
"555",2020-03-26,1.1028,1.0881,1.1059,1.0869,"1,36%"
"556",2020-03-25,1.088,1.0789,1.0895,1.0761,"0,86%"
"557",2020-03-24,1.0787,1.0726,1.0889,1.0722,"0,62%"
"558",2020-03-23,1.0721,1.0696,1.0828,1.0637,"0,25%"
"559",2020-03-20,1.0694,1.0691,1.0832,1.0637,"0,04%"
"560",2020-03-19,1.069,1.0915,1.0982,1.0654,"-2,04%"
"561",2020-03-18,1.0913,1.0997,1.1046,1.0802,"-0,75%"
"562",2020-03-17,1.0996,1.1183,1.119,1.0955,"-1,65%"
"563",2020-03-16,1.1181,1.1085,1.1237,1.1046,"0,68%"
"564",2020-03-13,1.1105,1.1185,1.1222,1.1054,"-0,70%"
"565",2020-03-12,1.1183,1.1269,1.1334,1.1055,"-0,75%"
"566",2020-03-11,1.1267,1.128,1.1367,1.1257,"-0,11%"
"567",2020-03-10,1.1279,1.1446,1.1459,1.1274,"-1,47%"
"568",2020-03-09,1.1447,1.1292,1.1494,1.1284,"1,44%"
"569",2020-03-06,1.1285,1.1238,1.1356,1.1212,"0,41%"
"570",2020-03-05,1.1239,1.1136,1.1245,1.1119,"0,94%"
"571",2020-03-04,1.1134,1.1172,1.1187,1.1094,"-0,33%"
"572",2020-03-03,1.1171,1.1133,1.1214,1.1095,"0,35%"
"573",2020-03-02,1.1132,1.1003,1.1186,1.1003,"0,97%"
"574",2020-02-28,1.1025,1.1001,1.1054,1.095,"0,25%"
"575",2020-02-27,1.0998,1.0881,1.1006,1.0878,"1,09%"
"576",2020-02-26,1.0879,1.0881,1.091,1.0855,"0,00%"
"577",2020-02-25,1.0879,1.0854,1.0891,1.0829,"0,25%"
"578",2020-02-24,1.0852,1.0841,1.0872,1.0805,"0,08%"
"579",2020-02-21,1.0843,1.0785,1.0864,1.0783,"0,56%"
"580",2020-02-20,1.0783,1.0806,1.0821,1.0776,"-0,19%"
"581",2020-02-19,1.0804,1.0791,1.0812,1.0782,"0,12%"
"582",2020-02-18,1.0791,1.0838,1.0839,1.0785,"-0,40%"
"583",2020-02-17,1.0834,1.0832,1.0852,1.0821,"0,04%"
"584",2020-02-14,1.083,1.0841,1.0862,1.0827,"-0,09%"
"585",2020-02-13,1.084,1.0874,1.089,1.0833,"-0,29%"
"586",2020-02-12,1.0871,1.0916,1.0927,1.0864,"-0,39%"
"587",2020-02-11,1.0914,1.0911,1.0926,1.0891,"0,05%"
"588",2020-02-10,1.0909,1.0951,1.0958,1.0907,"-0,31%"
"589",2020-02-07,1.0943,1.0983,1.0986,1.0941,"-0,34%"
"590",2020-02-06,1.098,1.0999,1.1014,1.0964,"-0,15%"
"591",2020-02-05,1.0997,1.1044,1.1049,1.0993,"-0,41%"
"592",2020-02-04,1.1042,1.1059,1.1065,1.1033,"-0,14%"
"593",2020-02-03,1.1058,1.1092,1.1096,1.1035,"-0,32%"
"594",2020-01-31,1.1093,1.1032,1.1097,1.1016,"0,57%"
"595",2020-01-30,1.103,1.101,1.104,1.1006,"0,19%"
"596",2020-01-29,1.1009,1.1022,1.1028,1.0991,"-0,10%"
"597",2020-01-28,1.102,1.1019,1.1026,1.0998,"0,04%"
"598",2020-01-27,1.1016,1.1021,1.1039,1.1009,"-0,06%"
"599",2020-01-24,1.1023,1.1055,1.1063,1.102,"-0,26%"
"600",2020-01-23,1.1052,1.1092,1.1109,1.1036,"-0,35%"
"601",2020-01-22,1.1091,1.1084,1.1099,1.107,"0,08%"
"602",2020-01-21,1.1082,1.1095,1.1119,1.108,"-0,11%"
"603",2020-01-20,1.1094,1.1092,1.1104,1.1076,"0,05%"
"604",2020-01-17,1.1088,1.1136,1.1143,1.1085,"-0,42%"
"605",2020-01-16,1.1135,1.1151,1.1173,1.1128,"-0,13%"
"606",2020-01-15,1.1149,1.113,1.1164,1.1118,"0,20%"
"607",2020-01-14,1.1127,1.1135,1.1145,1.1104,"-0,05%"
"608",2020-01-13,1.1133,1.1125,1.1148,1.1112,"0,12%"
"609",2020-01-10,1.112,1.1106,1.113,1.1085,"0,14%"
"610",2020-01-09,1.1105,1.1106,1.1121,1.1092,"0,02%"
"611",2020-01-08,1.1103,1.1154,1.1169,1.1101,"-0,43%"
"612",2020-01-07,1.1151,1.1198,1.1198,1.1133,"-0,38%"
"613",2020-01-06,1.1193,1.1168,1.1207,1.1155,"0,31%"
"614",2020-01-03,1.1158,1.1172,1.1181,1.1125,"-0,11%"
"615",2020-01-02,1.117,1.1212,1.1227,1.1163,"-0,36%"
"616",2020-01-01,1.121,1.1213,1.1223,1.1205,"0,00%"
"617",2019-12-31,1.121,1.1198,1.124,1.1198,"0,12%"
"618",2019-12-30,1.1197,1.1175,1.1223,1.117,"0,20%"
"619",2019-12-27,1.1175,1.1097,1.1188,1.1095,"0,71%"
"620",2019-12-26,1.1096,1.1091,1.111,1.1082,"0,05%"
"621",2019-12-25,1.109,1.1089,1.1107,1.1073,"0,03%"
"622",2019-12-24,1.1087,1.1089,1.1095,1.1069,"0,01%"
"623",2019-12-23,1.1086,1.1081,1.1097,1.1069,"0,07%"
"624",2019-12-20,1.1078,1.1122,1.1127,1.1065,"-0,38%"
"625",2019-12-19,1.112,1.1113,1.1145,1.1107,"0,08%"
"626",2019-12-18,1.1111,1.115,1.1156,1.111,"-0,34%"
"627",2019-12-17,1.1149,1.1143,1.1176,1.1128,"0,06%"
"628",2019-12-16,1.1142,1.1122,1.1159,1.1122,"0,21%"
"629",2019-12-13,1.1119,1.1129,1.12,1.1111,"-0,08%"
"630",2019-12-12,1.1128,1.113,1.1155,1.1102,"0,00%"
"631",2019-12-11,1.1128,1.1092,1.1145,1.107,"0,32%"
"632",2019-12-10,1.1092,1.1063,1.1099,1.1062,"0,27%"
"633",2019-12-09,1.1062,1.1055,1.1079,1.1052,"0,05%"
"634",2019-12-06,1.1057,1.1105,1.1111,1.104,"-0,41%"
"635",2019-12-05,1.1102,1.1079,1.1109,1.1077,"0,23%"
"636",2019-12-04,1.1076,1.1082,1.1116,1.1066,"-0,05%"
"637",2019-12-03,1.1081,1.1078,1.1094,1.1065,"0,04%"
"638",2019-12-02,1.1077,1.1014,1.109,1.1003,"0,56%"
"639",2019-11-29,1.1015,1.1008,1.1029,1.098,"0,07%"
"640",2019-11-28,1.1007,1.0999,1.1019,1.0999,"0,08%"
"641",2019-11-27,1.0998,1.102,1.1026,1.0991,"-0,18%"
"642",2019-11-26,1.1018,1.1014,1.1027,1.1006,"0,05%"
"643",2019-11-25,1.1013,1.1024,1.1033,1.1004,"-0,08%"
"644",2019-11-22,1.1022,1.1058,1.1086,1.1014,"-0,32%"
"645",2019-11-21,1.1057,1.1074,1.1098,1.1051,"-0,14%"
"646",2019-11-20,1.1072,1.1078,1.1083,1.1053,"-0,05%"
"647",2019-11-19,1.1078,1.1072,1.1085,1.1062,"0,07%"
"648",2019-11-18,1.107,1.1052,1.1091,1.1048,"0,18%"
"649",2019-11-15,1.105,1.1021,1.1058,1.1014,"0,26%"
"650",2019-11-14,1.1021,1.1006,1.1028,1.0989,"0,14%"
"651",2019-11-13,1.1006,1.101,1.1021,1.0994,"-0,01%"
"652",2019-11-12,1.1007,1.1033,1.104,1.1002,"-0,23%"
"653",2019-11-11,1.1032,1.1022,1.1044,1.1016,"0,15%"
"654",2019-11-08,1.1016,1.105,1.1056,1.1016,"-0,30%"
"655",2019-11-07,1.1049,1.1066,1.1092,1.1035,"-0,14%"
"656",2019-11-06,1.1065,1.1075,1.1094,1.1064,"-0,08%"
"657",2019-11-05,1.1074,1.1128,1.1141,1.1063,"-0,47%"
"658",2019-11-04,1.1126,1.1165,1.1176,1.1124,"-0,35%"
"659",2019-11-01,1.1165,1.1152,1.1172,1.1128,"0,13%"
"660",2019-10-31,1.115,1.1151,1.1176,1.113,"0,02%"
"661",2019-10-30,1.1148,1.1112,1.1152,1.1079,"0,34%"
"662",2019-10-29,1.111,1.1099,1.112,1.1073,"0,11%"
"663",2019-10-28,1.1098,1.1082,1.1108,1.1076,"0,18%"
"664",2019-10-25,1.1078,1.1104,1.1123,1.1072,"-0,23%"
"665",2019-10-24,1.1104,1.1131,1.1164,1.1092,"-0,22%"
"666",2019-10-23,1.1129,1.1125,1.1141,1.1106,"0,04%"
"667",2019-10-22,1.1124,1.115,1.1158,1.1118,"-0,22%"
"668",2019-10-21,1.1148,1.1143,1.118,1.1137,"-0,19%"
"669",2019-10-18,1.1169,1.1125,1.1173,1.1114,"0,42%"
"670",2019-10-17,1.1122,1.1072,1.1141,1.1064,"0,47%"
"671",2019-10-16,1.107,1.1033,1.1086,1.1021,"0,35%"
"672",2019-10-15,1.1031,1.1028,1.1047,1.0991,"0,03%"
"673",2019-10-14,1.1028,1.1044,1.105,1.1013,"-0,11%"
"674",2019-10-11,1.104,1.1006,1.1063,1.1,"0,33%"
"675",2019-10-10,1.1004,1.0971,1.1035,1.097,"0,32%"
"676",2019-10-09,1.0969,1.0956,1.0991,1.0951,"0,14%"
"677",2019-10-08,1.0954,1.0971,1.0997,1.0941,"-0,15%"
"678",2019-10-07,1.097,1.0976,1.1001,1.0962,"-0,05%"
"679",2019-10-04,1.0976,1.0963,1.0999,1.0956,"0,11%"
"680",2019-10-03,1.0964,1.0959,1.1,1.0941,"0,05%"
"681",2019-10-02,1.0958,1.0933,1.0964,1.0904,"0,26%"
"682",2019-10-01,1.093,1.09,1.0943,1.0878,"0,29%"
"683",2019-09-30,1.0898,1.094,1.0948,1.0884,"-0,37%"
"684",2019-09-27,1.0938,1.0921,1.096,1.0905,"0,16%"
"685",2019-09-26,1.0921,1.0942,1.0969,1.0908,"-0,18%"
"686",2019-09-25,1.0941,1.102,1.1025,1.0937,"-0,70%"
"687",2019-09-24,1.1018,1.0994,1.1025,1.0983,"0,25%"
"688",2019-09-23,1.0991,1.1016,1.1027,1.0965,"-0,24%"
"689",2019-09-20,1.1017,1.1042,1.1069,1.0996,"-0,21%"
"690",2019-09-19,1.104,1.103,1.1075,1.1022,"0,10%"
"691",2019-09-18,1.1029,1.1073,1.1077,1.1013,"-0,38%"
"692",2019-09-17,1.1071,1.1,1.1076,1.099,"0,65%"
"693",2019-09-16,1.1,1.1087,1.1093,1.0993,"-0,66%"
"694",2019-09-13,1.1073,1.1063,1.111,1.1055,"0,11%"
"695",2019-09-12,1.1061,1.1011,1.1087,1.0927,"0,47%"
"696",2019-09-11,1.1009,1.1044,1.1056,1.0984,"-0,31%"
"697",2019-09-10,1.1043,1.1047,1.1061,1.103,"-0,03%"
"698",2019-09-09,1.1046,1.1024,1.1069,1.1015,"0,17%"
"699",2019-09-06,1.1027,1.1034,1.1057,1.102,"-0,05%"
"700",2019-09-05,1.1033,1.1037,1.1085,1.1016,"0,00%"
"701",2019-09-04,1.1033,1.0974,1.1039,1.0968,"0,56%"
"702",2019-09-03,1.0972,1.097,1.0979,1.0926,"0,05%"
"703",2019-09-02,1.0966,1.0989,1.1,1.0957,"-0,21%"
"704",2019-08-30,1.0989,1.1056,1.1062,1.0963,"-0,60%"
"705",2019-08-29,1.1055,1.1077,1.1092,1.1042,"-0,20%"
"706",2019-08-28,1.1077,1.1091,1.1099,1.1072,"-0,12%"
"707",2019-08-27,1.109,1.1103,1.1116,1.1085,"-0,09%"
"708",2019-08-26,1.11,1.1145,1.1166,1.1093,"-0,39%"
"709",2019-08-23,1.1144,1.1079,1.1154,1.1051,"0,60%"
"710",2019-08-22,1.1078,1.1085,1.1114,1.1063,"-0,05%"
"711",2019-08-21,1.1083,1.11,1.1108,1.108,"-0,14%"
"712",2019-08-20,1.1099,1.1079,1.1107,1.1065,"0,21%"
"713",2019-08-19,1.1076,1.1092,1.1114,1.1076,"-0,12%"
"714",2019-08-16,1.1089,1.1107,1.1114,1.1066,"-0,15%"
"715",2019-08-15,1.1106,1.1139,1.1159,1.1091,"-0,29%"
"716",2019-08-14,1.1138,1.1171,1.1192,1.113,"-0,28%"
"717",2019-08-13,1.1169,1.1214,1.1229,1.117,"-0,38%"
"718",2019-08-12,1.1212,1.1204,1.1231,1.1162,"0,13%"
"719",2019-08-09,1.1198,1.118,1.1223,1.1179,"0,18%"
"720",2019-08-08,1.1178,1.1199,1.1233,1.1177,"-0,17%"
"721",2019-08-07,1.1197,1.1199,1.1243,1.1179,"-0,01%"
"722",2019-08-06,1.1198,1.1203,1.125,1.1168,"-0,04%"
"723",2019-08-05,1.1202,1.1103,1.1214,1.1103,"0,86%"
"724",2019-08-02,1.1107,1.1085,1.1118,1.107,"0,22%"
"725",2019-08-01,1.1083,1.1076,1.1096,1.1027,"0,08%"
"726",2019-07-31,1.1074,1.1155,1.1163,1.1059,"-0,71%"
"727",2019-07-30,1.1153,1.1144,1.1162,1.1132,"0,08%"
"728",2019-07-29,1.1144,1.1127,1.1151,1.1113,"0,17%"
"729",2019-07-26,1.1125,1.1147,1.1151,1.1112,"-0,18%"
"730",2019-07-25,1.1145,1.1141,1.1188,1.1101,"0,05%"
"731",2019-07-24,1.1139,1.1152,1.1159,1.1127,"-0,11%"
"732",2019-07-23,1.1151,1.121,1.1211,1.1145,"-0,51%"
"733",2019-07-22,1.1208,1.1218,1.1226,1.1206,"-0,11%"
"734",2019-07-19,1.122,1.1277,1.1283,1.1203,"-0,49%"
"735",2019-07-18,1.1275,1.1224,1.1281,1.1205,"0,46%"
"736",2019-07-17,1.1223,1.1211,1.1235,1.12,"0,12%"
"737",2019-07-16,1.1209,1.1257,1.1264,1.1201,"-0,43%"
"738",2019-07-15,1.1257,1.1269,1.1285,1.1252,"-0,11%"
"739",2019-07-12,1.1269,1.1254,1.1276,1.1237,"0,15%"
"740",2019-07-11,1.1252,1.1251,1.1286,1.1244,"0,03%"
"741",2019-07-10,1.1249,1.1208,1.1264,1.1201,"0,38%"
"742",2019-07-09,1.1206,1.1215,1.122,1.1193,"-0,07%"
"743",2019-07-08,1.1214,1.1223,1.1235,1.1207,"-0,09%"
"744",2019-07-05,1.1224,1.1285,1.1288,1.1207,"-0,53%"
"745",2019-07-04,1.1284,1.1278,1.1296,1.1272,"0,06%"
"746",2019-07-03,1.1277,1.1285,1.1312,1.1268,"-0,05%"
"747",2019-07-02,1.1283,1.1286,1.1321,1.1274,"-0,02%"
"748",2019-07-01,1.1285,1.1376,1.1376,1.128,"-0,73%"
"749",2019-06-28,1.1368,1.137,1.1394,1.1351,"0,00%"
"750",2019-06-27,1.1368,1.1369,1.1382,1.1348,"0,00%"
"751",2019-06-26,1.1368,1.1365,1.1392,1.1348,"0,03%"
"752",2019-06-25,1.1365,1.1399,1.1413,1.1343,"-0,27%"
"753",2019-06-24,1.1396,1.1361,1.1405,1.1361,"0,26%"
"754",2019-06-21,1.1366,1.1292,1.1379,1.1282,"0,66%"
"755",2019-06-20,1.1291,1.1226,1.1319,1.1226,"0,60%"
"756",2019-06-19,1.1224,1.1193,1.1254,1.1186,"0,29%"
"757",2019-06-18,1.1191,1.1219,1.1243,1.118,"-0,23%"
"758",2019-06-17,1.1217,1.1216,1.1248,1.1204,"0,09%"
"759",2019-06-14,1.1207,1.1283,1.1291,1.1201,"-0,60%"
"760",2019-06-13,1.1275,1.1287,1.1305,1.1267,"-0,11%"
"761",2019-06-12,1.1287,1.1326,1.1344,1.1281,"-0,37%"
"762",2019-06-11,1.1329,1.1312,1.1338,1.1301,"0,15%"
"763",2019-06-10,1.1312,1.1324,1.1331,1.1289,"-0,17%"
"764",2019-06-07,1.1331,1.1276,1.1349,1.125,"0,51%"
"765",2019-06-06,1.1274,1.1229,1.1309,1.1214,"0,49%"
"766",2019-06-05,1.1219,1.1251,1.1307,1.1219,"-0,28%"
"767",2019-06-04,1.1251,1.1241,1.1279,1.1226,"0,10%"
"768",2019-06-03,1.124,1.1168,1.1264,1.1156,"0,65%"
"769",2019-05-31,1.1167,1.1135,1.118,1.1125,"0,33%"
"770",2019-05-30,1.113,1.1132,1.1145,1.1115,"0,01%"
"771",2019-05-29,1.1129,1.1161,1.1174,1.1123,"-0,28%"
"772",2019-05-28,1.116,1.1199,1.1204,1.1158,"-0,32%"
"773",2019-05-27,1.1196,1.1196,1.1216,1.1185,"-0,05%"
"774",2019-05-24,1.1202,1.1182,1.1214,1.1174,"0,20%"
"775",2019-05-23,1.118,1.1151,1.1189,1.1107,"0,25%"
"776",2019-05-22,1.1152,1.1167,1.1181,1.1147,"-0,05%"
"777",2019-05-21,1.1158,1.1171,1.1188,1.1141,"-0,11%"
"778",2019-05-20,1.117,1.1158,1.1177,1.1149,"0,13%"
"779",2019-05-17,1.1156,1.1174,1.1185,1.1154,"-0,14%"
"780",2019-05-16,1.1172,1.1202,1.1227,1.1165,"-0,25%"
"781",2019-05-15,1.12,1.1204,1.1226,1.1177,"-0,03%"
"782",2019-05-14,1.1203,1.1224,1.1247,1.12,"-0,18%"
"783",2019-05-13,1.1223,1.1242,1.1266,1.1221,"-0,09%"
"784",2019-05-10,1.1233,1.1215,1.1255,1.1214,"0,12%"
"785",2019-05-09,1.122,1.1192,1.1253,1.1172,"0,26%"
"786",2019-05-08,1.1191,1.1191,1.1215,1.1182,"0,01%"
"787",2019-05-07,1.119,1.1199,1.1222,1.1165,"-0,06%"
"788",2019-05-06,1.1197,1.1172,1.1211,1.1159,"-0,03%"
"789",2019-05-03,1.12,1.1178,1.1207,1.1135,"0,21%"
"790",2019-05-02,1.1176,1.1202,1.1221,1.117,"-0,16%"
"791",2019-05-01,1.1194,1.1215,1.1266,1.1187,"-0,19%"
"792",2019-04-30,1.1215,1.1186,1.1231,1.1175,"0,27%"
"793",2019-04-29,1.1185,1.1152,1.1192,1.1141,"0,33%"
"794",2019-04-26,1.1148,1.1131,1.1176,1.1111,"0,16%"
"795",2019-04-25,1.113,1.1161,1.1164,1.1118,"-0,20%"
"796",2019-04-24,1.1152,1.1229,1.1233,1.114,"-0,65%"
"797",2019-04-23,1.1225,1.1257,1.1264,1.1192,"-0,27%"
"798",2019-04-22,1.1255,1.1244,1.1264,1.1236,"0,08%"
"799",2019-04-19,1.1246,1.1241,1.1254,1.1228,"0,15%"
"800",2019-04-18,1.1229,1.1297,1.1307,1.1226,"-0,58%"
"801",2019-04-17,1.1294,1.1281,1.1326,1.1279,"0,12%"
"802",2019-04-16,1.128,1.1303,1.1315,1.1279,"-0,24%"
"803",2019-04-15,1.1307,1.13,1.1322,1.1294,"0,06%"
"804",2019-04-12,1.13,1.1254,1.1327,1.1252,"0,44%"
"805",2019-04-11,1.125,1.1273,1.1291,1.1249,"-0,20%"
"806",2019-04-10,1.1273,1.1264,1.1288,1.1229,"0,11%"
"807",2019-04-09,1.1261,1.1272,1.1286,1.1253,"0,02%"
"808",2019-04-08,1.1259,1.1218,1.1277,1.1213,"0,40%"
"809",2019-04-05,1.1214,1.1223,1.1247,1.1209,"-0,05%"
"810",2019-04-04,1.122,1.1235,1.125,1.1205,"-0,12%"
"811",2019-04-03,1.1234,1.1205,1.1256,1.12,"0,29%"
"812",2019-04-02,1.1202,1.1216,1.1219,1.1183,"-0,09%"
"813",2019-04-01,1.1212,1.1218,1.125,1.1202,"-0,04%"
"814",2019-03-29,1.1217,1.1221,1.1249,1.1208,"-0,03%"
"815",2019-03-28,1.122,1.1244,1.1264,1.1213,"-0,24%"
"816",2019-03-27,1.1247,1.1269,1.1287,1.1242,"-0,15%"
"817",2019-03-26,1.1264,1.1313,1.1329,1.1262,"-0,42%"
"818",2019-03-25,1.1311,1.1294,1.1333,1.1284,"-0,02%"
"819",2019-03-22,1.1313,1.1375,1.1394,1.1272,"-0,53%"
"820",2019-03-21,1.1373,1.1414,1.1439,1.1342,"-0,33%"
"821",2019-03-20,1.1411,1.1351,1.145,1.1335,"0,55%"
"822",2019-03-19,1.1349,1.1337,1.1364,1.1332,"0,11%"
"823",2019-03-18,1.1336,1.1323,1.136,1.1317,"0,10%"
"824",2019-03-15,1.1325,1.1305,1.1346,1.1296,"0,20%"
"825",2019-03-14,1.1302,1.1329,1.1342,1.1293,"-0,20%"
"826",2019-03-13,1.1325,1.1287,1.1341,1.1277,"0,35%"
"827",2019-03-12,1.1286,1.125,1.1308,1.1243,"0,35%"
"828",2019-03-11,1.1247,1.1238,1.1259,1.1221,"0,06%"
"829",2019-03-08,1.124,1.1194,1.1248,1.1185,"0,41%"
"830",2019-03-07,1.1194,1.1306,1.1322,1.1176,"-1,00%"
"831",2019-03-06,1.1307,1.1313,1.1328,1.1286,"-0,01%"
"832",2019-03-05,1.1308,1.1339,1.1353,1.129,"-0,28%"
"833",2019-03-04,1.134,1.138,1.1398,1.1309,"-0,33%"
"834",2019-03-01,1.1377,1.1372,1.141,1.1353,"0,05%"
"835",2019-02-28,1.1371,1.1371,1.1421,1.1357,"0,02%"
"836",2019-02-27,1.1369,1.1396,1.1404,1.136,"-0,16%"
"837",2019-02-26,1.1387,1.1366,1.1404,1.1343,"0,25%"
"838",2019-02-25,1.1359,1.1338,1.1369,1.1323,"0,14%"
"839",2019-02-22,1.1343,1.1337,1.136,1.1315,"0,06%"
"840",2019-02-21,1.1336,1.1338,1.1368,1.132,"-0,01%"
"841",2019-02-20,1.1337,1.1342,1.1374,1.1324,"-0,04%"
"842",2019-02-19,1.1341,1.131,1.1358,1.1274,"0,27%"
"843",2019-02-18,1.1311,1.1288,1.1337,1.1284,"0,14%"
"844",2019-02-15,1.1295,1.1295,1.1313,1.1233,"-0,05%"
"845",2019-02-14,1.1301,1.1262,1.1313,1.1247,"0,30%"
"846",2019-02-13,1.1267,1.1326,1.1346,1.126,"-0,51%"
"847",2019-02-12,1.1325,1.128,1.1342,1.1256,"0,43%"
"848",2019-02-11,1.1276,1.1328,1.1331,1.1264,"-0,48%"
"849",2019-02-08,1.133,1.1346,1.1355,1.132,"-0,10%"
"850",2019-02-07,1.1341,1.136,1.1375,1.1322,"-0,18%"
"851",2019-02-06,1.1362,1.1406,1.142,1.1359,"-0,46%"
"852",2019-02-05,1.1415,1.1442,1.1456,1.14,"-0,20%"
"853",2019-02-04,1.1438,1.1457,1.1467,1.1421,"-0,16%"
"854",2019-02-01,1.1456,1.1447,1.149,1.1433,"0,09%"
"855",2019-01-31,1.1446,1.148,1.1517,1.1434,"-0,29%"
"856",2019-01-30,1.1479,1.1433,1.1503,1.1404,"0,41%"
"857",2019-01-29,1.1432,1.1428,1.1453,1.141,"-0,02%"
"858",2019-01-28,1.1434,1.1404,1.1445,1.1388,"0,17%"
"859",2019-01-25,1.1415,1.1306,1.1421,1.1298,"0,96%"
"860",2019-01-24,1.1306,1.138,1.1398,1.1287,"-0,66%"
"861",2019-01-23,1.1381,1.1358,1.1397,1.1348,"0,19%"
"862",2019-01-22,1.1359,1.1365,1.1386,1.1334,"-0,06%"
"863",2019-01-21,1.1366,1.1371,1.1409,1.1355,"0,03%"
"864",2019-01-18,1.1363,1.1389,1.1413,1.1352,"-0,31%"
"865",2019-01-17,1.1398,1.1396,1.141,1.1369,"-0,02%"
"866",2019-01-16,1.14,1.1414,1.1429,1.1377,"-0,15%"
"867",2019-01-15,1.1417,1.1473,1.1494,1.1381,"-0,52%"
"868",2019-01-14,1.1477,1.1471,1.1485,1.144,"0,07%"
"869",2019-01-11,1.1469,1.1499,1.1542,1.1457,"-0,27%"
"870",2019-01-10,1.15,1.1542,1.1572,1.1485,"-0,37%"
"871",2019-01-09,1.1543,1.1444,1.1556,1.1435,"0,88%"
"872",2019-01-08,1.1442,1.1476,1.1487,1.1422,"-0,30%"
"873",2019-01-07,1.1476,1.1392,1.1485,1.1392,"0,71%"
"874",2019-01-04,1.1395,1.1393,1.1422,1.1345,"0,01%"
"875",2019-01-03,1.1394,1.1345,1.1413,1.1309,"0,45%"
"876",2019-01-02,1.1343,1.1464,1.1499,1.1325,"-1,06%"
"877",2019-01-01,1.1464,1.1466,1.1481,1.1425,"-0,05%"
"878",2018-12-31,1.147,1.1443,1.147,1.1421,"0,28%"
"879",2018-12-28,1.1438,1.1429,1.1478,1.1424,"0,07%"
"880",2018-12-27,1.143,1.1353,1.1457,1.1349,"0,68%"
"881",2018-12-26,1.1353,1.1363,1.1423,1.1342,"-0,08%"
"882",2018-12-25,1.1362,1.14,1.1429,1.1361,"-0,33%"
"883",2018-12-24,1.14,1.137,1.1439,1.135,"0,27%"
"884",2018-12-21,1.1369,1.1447,1.1477,1.1353,"-0,67%"
"885",2018-12-20,1.1446,1.1377,1.1487,1.1371,"0,61%"
"886",2018-12-19,1.1377,1.1361,1.1442,1.136,"0,14%"
"887",2018-12-18,1.1361,1.1346,1.1402,1.1336,"0,12%"
"888",2018-12-17,1.1347,1.1308,1.136,1.1299,"0,34%"
"889",2018-12-14,1.1309,1.1362,1.1374,1.1268,"-0,48%"
"890",2018-12-13,1.1363,1.1369,1.1396,1.133,"-0,04%"
"891",2018-12-12,1.1368,1.1317,1.1388,1.1312,"0,46%"
"892",2018-12-11,1.1316,1.1361,1.1402,1.1304,"-0,35%"
"893",2018-12-10,1.1356,1.1401,1.1444,1.1349,"-0,19%"
"894",2018-12-07,1.1378,1.1377,1.1425,1.1359,"0,02%"
"895",2018-12-06,1.1376,1.1345,1.1414,1.1321,"0,28%"
"896",2018-12-05,1.1344,1.1342,1.1361,1.1309,"-0,01%"
"897",2018-12-04,1.1345,1.1354,1.1421,1.1318,"-0,08%"
"898",2018-12-03,1.1354,1.1315,1.1382,1.1315,"0,33%"
"899",2018-11-30,1.1317,1.1395,1.1402,1.1304,"-0,67%"
"900",2018-11-29,1.1393,1.1367,1.1403,1.1348,"0,24%"
"901",2018-11-28,1.1366,1.1291,1.1387,1.1264,"0,69%"
"902",2018-11-27,1.1288,1.1326,1.1344,1.1276,"-0,35%"
"903",2018-11-26,1.1328,1.1343,1.1385,1.1323,"-0,11%"
"904",2018-11-23,1.1341,1.1403,1.1422,1.1325,"-0,59%"
"905",2018-11-22,1.1408,1.1382,1.1434,1.1378,"0,20%"
"906",2018-11-21,1.1385,1.1371,1.1426,1.1363,"0,12%"
"907",2018-11-20,1.1371,1.1453,1.1473,1.1357,"-0,72%"
"908",2018-11-19,1.1453,1.1403,1.1467,1.1393,"0,29%"
"909",2018-11-16,1.142,1.133,1.1423,1.132,"0,81%"
"910",2018-11-15,1.1328,1.1309,1.1364,1.1271,"0,16%"
"911",2018-11-14,1.131,1.129,1.1349,1.1262,"0,17%"
"912",2018-11-13,1.1291,1.1219,1.1296,1.1216,"0,65%"
"913",2018-11-12,1.1218,1.1331,1.1333,1.1214,"-1,04%"
"914",2018-11-09,1.1336,1.1364,1.1371,1.1315,"-0,24%"
"915",2018-11-08,1.1363,1.1425,1.1448,1.1352,"-0,55%"
"916",2018-11-07,1.1426,1.1427,1.1502,1.1395,"-0,01%"
"917",2018-11-06,1.1427,1.1406,1.144,1.1389,"0,18%"
"918",2018-11-05,1.1407,1.1391,1.1425,1.1356,"0,18%"
"919",2018-11-02,1.1387,1.1408,1.1458,1.1372,"-0,19%"
"920",2018-11-01,1.1409,1.1311,1.1426,1.1306,"0,86%"
"921",2018-10-31,1.1312,1.1345,1.1363,1.1301,"-0,28%"
"922",2018-10-30,1.1344,1.1372,1.1387,1.1338,"-0,25%"
"923",2018-10-29,1.1373,1.1408,1.1418,1.1361,"-0,26%"
"924",2018-10-26,1.1403,1.1376,1.1422,1.1334,"0,24%"
"925",2018-10-25,1.1376,1.1392,1.1434,1.1355,"-0,14%"
"926",2018-10-24,1.1392,1.147,1.1477,1.1378,"-0,69%"
"927",2018-10-23,1.1471,1.1466,1.1495,1.1438,"0,05%"
"928",2018-10-22,1.1465,1.1507,1.1552,1.1455,"-0,43%"
"929",2018-10-19,1.1515,1.1451,1.1536,1.1433,"0,54%"
"930",2018-10-18,1.1453,1.15,1.1528,1.1448,"-0,42%"
"931",2018-10-17,1.1501,1.1575,1.1585,1.1495,"-0,64%"
"932",2018-10-16,1.1575,1.158,1.1623,1.1564,"-0,03%"
"933",2018-10-15,1.1579,1.1559,1.1608,1.1537,"0,14%"
"934",2018-10-12,1.1563,1.1592,1.1611,1.1534,"-0,27%"
"935",2018-10-11,1.1594,1.1519,1.16,1.1517,"0,64%"
"936",2018-10-10,1.152,1.1491,1.1547,1.1479,"0,26%"
"937",2018-10-09,1.149,1.1491,1.1504,1.143,"-0,02%"
"938",2018-10-08,1.1492,1.152,1.1536,1.1459,"-0,28%"
"939",2018-10-05,1.1524,1.1513,1.155,1.1483,"0,08%"
"940",2018-10-04,1.1515,1.1478,1.1543,1.1464,"0,32%"
"941",2018-10-03,1.1478,1.1548,1.1595,1.1465,"-0,61%"
"942",2018-10-02,1.1548,1.1578,1.1582,1.1506,"-0,26%"
"943",2018-10-01,1.1578,1.1609,1.163,1.1563,"-0,27%"
"944",2018-09-28,1.1609,1.1641,1.1652,1.1567,"-0,27%"
"945",2018-09-27,1.1641,1.174,1.1759,1.1637,"-0,84%"
"946",2018-09-26,1.174,1.1767,1.1799,1.1726,"-0,27%"
"947",2018-09-25,1.1772,1.1748,1.1793,1.173,"0,20%"
"948",2018-09-24,1.1748,1.1751,1.1817,1.1723,"-0,02%"
"949",2018-09-21,1.175,1.1776,1.1804,1.1731,"-0,23%"
"950",2018-09-20,1.1777,1.1671,1.1786,1.1665,"0,89%"
"951",2018-09-19,1.1673,1.1667,1.1716,1.1648,"0,05%"
"952",2018-09-18,1.1667,1.1684,1.1726,1.1651,"-0,14%"
"953",2018-09-17,1.1683,1.1623,1.1699,1.1617,"0,46%"
"954",2018-09-14,1.163,1.169,1.1724,1.1619,"-0,51%"
"955",2018-09-13,1.169,1.1627,1.1703,1.1608,"0,55%"
"956",2018-09-12,1.1626,1.1604,1.1651,1.157,"0,16%"
"957",2018-09-11,1.1607,1.1594,1.1645,1.1565,"0,11%"
"958",2018-09-10,1.1594,1.156,1.1617,1.1526,"0,35%"
"959",2018-09-07,1.1553,1.1624,1.1651,1.155,"-0,59%"
"960",2018-09-06,1.1622,1.1629,1.166,1.1603,"-0,06%"
"961",2018-09-05,1.1629,1.1581,1.164,1.1542,"0,41%"
"962",2018-09-04,1.1582,1.1623,1.1629,1.1528,"-0,36%"
"963",2018-09-03,1.1624,1.1596,1.1629,1.1583,"0,20%"
"964",2018-08-31,1.1601,1.1671,1.1692,1.1585,"-0,60%"
"965",2018-08-30,1.1671,1.1707,1.172,1.1641,"-0,32%"
"966",2018-08-29,1.1708,1.1695,1.1712,1.1652,"0,11%"
"967",2018-08-28,1.1695,1.1678,1.1735,1.1662,"0,15%"
"968",2018-08-27,1.1678,1.1631,1.1694,1.1592,"0,47%"
"969",2018-08-24,1.1623,1.154,1.1641,1.1533,"0,73%"
"970",2018-08-23,1.1539,1.1596,1.1601,1.153,"-0,50%"
"971",2018-08-22,1.1597,1.157,1.1624,1.1551,"0,22%"
"972",2018-08-21,1.1571,1.1482,1.1602,1.1479,"0,78%"
"973",2018-08-20,1.1481,1.1442,1.1486,1.1394,"0,37%"
"974",2018-08-17,1.1439,1.1377,1.1447,1.1365,"0,54%"
"975",2018-08-16,1.1377,1.1345,1.1411,1.1335,"0,28%"
"976",2018-08-15,1.1345,1.1344,1.1357,1.1299,"0,01%"
"977",2018-08-14,1.1344,1.141,1.1431,1.133,"-0,57%"
"978",2018-08-13,1.1409,1.1389,1.1434,1.1364,"-0,02%"
"979",2018-08-10,1.1411,1.1526,1.1537,1.1384,"-1,01%"
"980",2018-08-09,1.1527,1.1609,1.162,1.1525,"-0,72%"
"981",2018-08-08,1.1611,1.1598,1.1629,1.1571,"0,10%"
"982",2018-08-07,1.1599,1.1555,1.161,1.1547,"0,39%"
"983",2018-08-06,1.1554,1.1571,1.1574,1.1527,"-0,11%"
"984",2018-08-03,1.1567,1.1583,1.1611,1.1559,"-0,15%"
"985",2018-08-02,1.1584,1.166,1.1669,1.1582,"-0,65%"
"986",2018-08-01,1.166,1.1691,1.1701,1.1656,"-0,27%"
"987",2018-07-31,1.1691,1.1706,1.1745,1.1682,"-0,13%"
"988",2018-07-30,1.1706,1.166,1.1721,1.1648,"0,41%"
"989",2018-07-27,1.1658,1.1643,1.1665,1.1621,"0,13%"
"990",2018-07-26,1.1643,1.1728,1.1744,1.1639,"-0,72%"
"991",2018-07-25,1.1728,1.1684,1.1739,1.1663,"0,36%"
"992",2018-07-24,1.1686,1.1692,1.1719,1.1654,"-0,05%"
"993",2018-07-23,1.1692,1.173,1.1752,1.1682,"-0,24%"
"994",2018-07-20,1.172,1.1644,1.174,1.1626,"0,66%"
"995",2018-07-19,1.1643,1.1639,1.168,1.1574,"0,03%"
"996",2018-07-18,1.1639,1.166,1.1665,1.1601,"-0,19%"
"997",2018-07-17,1.1661,1.1711,1.1746,1.165,"-0,42%"
"998",2018-07-16,1.171,1.1676,1.1726,1.1674,"0,21%"
"999",2018-07-13,1.1685,1.1669,1.1688,1.161,"0,11%"
"1000",2018-07-12,1.1672,1.1674,1.1697,1.1648,"-0,02%"
"1001",2018-07-11,1.1674,1.1745,1.176,1.1665,"-0,60%"
"1002",2018-07-10,1.1744,1.1751,1.1764,1.169,"-0,06%"
"1003",2018-07-09,1.1751,1.1748,1.1792,1.1731,"0,03%"
"1004",2018-07-06,1.1747,1.169,1.1769,1.1679,"0,48%"
"1005",2018-07-05,1.1691,1.1655,1.1722,1.1649,"0,30%"
"1006",2018-07-04,1.1656,1.1658,1.1684,1.1629,"-0,01%"
"1007",2018-07-03,1.1657,1.1641,1.1675,1.1621,"0,14%"
"1008",2018-07-02,1.1641,1.1651,1.1699,1.159,"-0,38%"
"1009",2018-06-29,1.1685,1.1569,1.1692,1.1558,"1,00%"
"1010",2018-06-28,1.1569,1.1555,1.1602,1.1527,"0,13%"
"1011",2018-06-27,1.1554,1.1647,1.1674,1.1541,"-0,80%"
"1012",2018-06-26,1.1647,1.1704,1.1722,1.1635,"-0,49%"
"1013",2018-06-25,1.1704,1.1659,1.1715,1.1627,"0,40%"
"1014",2018-06-22,1.1657,1.1604,1.1677,1.16,"0,47%"
"1015",2018-06-21,1.1603,1.1572,1.1635,1.1509,"0,27%"
"1016",2018-06-20,1.1572,1.159,1.1602,1.1537,"-0,16%"
"1017",2018-06-19,1.159,1.1624,1.1646,1.153,"-0,28%"
"1018",2018-06-18,1.1623,1.1609,1.1625,1.1563,"0,12%"
"1019",2018-06-15,1.1609,1.1568,1.1629,1.1543,"0,35%"
"1020",2018-06-14,1.1569,1.1791,1.1853,1.1562,"-1,88%"
"1021",2018-06-13,1.1791,1.1745,1.1803,1.1725,"0,39%"
"1022",2018-06-12,1.1745,1.1784,1.1811,1.1733,"-0,33%"
"1023",2018-06-11,1.1784,1.1766,1.1822,1.1754,"0,14%"
"1024",2018-06-08,1.1768,1.18,1.1812,1.1726,"-0,26%"
"1025",2018-06-07,1.1799,1.1774,1.1842,1.1772,"0,22%"
"1026",2018-06-06,1.1773,1.1717,1.1797,1.1708,"0,47%"
"1027",2018-06-05,1.1718,1.1698,1.1733,1.1652,"0,16%"
"1028",2018-06-04,1.1699,1.1656,1.1744,1.1652,"0,33%"
"1029",2018-06-01,1.1661,1.1691,1.1718,1.1617,"-0,27%"
"1030",2018-05-31,1.1692,1.1665,1.1726,1.1641,"0,25%"
"1031",2018-05-30,1.1663,1.154,1.1678,1.1518,"1,07%"
"1032",2018-05-29,1.154,1.1625,1.1641,1.1508,"-0,71%"
"1033",2018-05-28,1.1623,1.1651,1.1729,1.1605,"-0,25%"
"1034",2018-05-25,1.1652,1.172,1.1735,1.1645,"-0,58%"
"1035",2018-05-24,1.172,1.1695,1.175,1.1688,"0,20%"
"1036",2018-05-23,1.1697,1.1778,1.179,1.1675,"-0,70%"
"1037",2018-05-22,1.1779,1.1792,1.183,1.1754,"-0,10%"
"1038",2018-05-21,1.1791,1.1764,1.1797,1.1717,"0,11%"
"1039",2018-05-18,1.1778,1.1796,1.1825,1.1749,"-0,14%"
"1040",2018-05-17,1.1795,1.1808,1.1839,1.1775,"-0,10%"
"1041",2018-05-16,1.1807,1.1837,1.1854,1.1762,"-0,26%"
"1042",2018-05-15,1.1838,1.1925,1.1939,1.1817,"-0,75%"
"1043",2018-05-14,1.1927,1.1947,1.1998,1.1926,"-0,14%"
"1044",2018-05-11,1.1944,1.1917,1.197,1.1891,"0,24%"
"1045",2018-05-10,1.1915,1.1852,1.1948,1.1843,"0,55%"
"1046",2018-05-09,1.185,1.1863,1.1898,1.1822,"-0,12%"
"1047",2018-05-08,1.1864,1.1924,1.1941,1.1838,"-0,49%"
"1048",2018-05-07,1.1922,1.1953,1.198,1.1898,"-0,32%"
"1049",2018-05-04,1.196,1.1989,1.1997,1.1911,"-0,23%"
"1050",2018-05-03,1.1988,1.1951,1.2009,1.1946,"0,31%"
"1051",2018-05-02,1.1951,1.1992,1.2033,1.1938,"-0,35%"
"1052",2018-05-01,1.1993,1.2076,1.2086,1.1981,"-0,71%"
"1053",2018-04-30,1.2079,1.2125,1.2141,1.2064,"-0,42%"
"1054",2018-04-27,1.213,1.2105,1.2135,1.2055,"0,22%"
"1055",2018-04-26,1.2103,1.2161,1.2211,1.2096,"-0,48%"
"1056",2018-04-25,1.2161,1.2232,1.224,1.216,"-0,58%"
"1057",2018-04-24,1.2232,1.2209,1.2247,1.2182,"0,19%"
"1058",2018-04-23,1.2209,1.2289,1.2292,1.2198,"-0,64%"
"1059",2018-04-20,1.2288,1.2346,1.2354,1.225,"-0,47%"
"1060",2018-04-19,1.2346,1.2373,1.2402,1.2329,"-0,22%"
"1061",2018-04-18,1.2373,1.2369,1.2398,1.2343,"0,02%"
"1062",2018-04-17,1.237,1.2378,1.2413,1.2335,"-0,08%"
"1063",2018-04-16,1.238,1.233,1.2395,1.2325,"0,40%"
"1064",2018-04-13,1.2331,1.2327,1.2348,1.2307,"0,03%"
"1065",2018-04-12,1.2327,1.2368,1.2382,1.23,"-0,32%"
"1066",2018-04-11,1.2367,1.2357,1.2397,1.2347,"0,09%"
"1067",2018-04-10,1.2356,1.232,1.2379,1.2303,"0,28%"
"1068",2018-04-09,1.2321,1.2279,1.2331,1.2261,"0,31%"
"1069",2018-04-06,1.2283,1.224,1.2292,1.2214,"0,35%"
"1070",2018-04-05,1.224,1.2278,1.2292,1.2218,"-0,31%"
"1071",2018-04-04,1.2278,1.2269,1.2315,1.2256,"0,07%"
"1072",2018-04-03,1.227,1.2304,1.2336,1.2253,"-0,26%"
"1073",2018-04-02,1.2302,1.2323,1.2346,1.2282,"-0,17%"
"1074",2018-03-30,1.2323,1.2301,1.2331,1.2293,"0,17%"
"1075",2018-03-29,1.2302,1.2308,1.2335,1.2282,"-0,05%"
"1076",2018-03-28,1.2308,1.2403,1.2424,1.23,"-0,77%"
"1077",2018-03-27,1.2403,1.2444,1.2478,1.2373,"-0,32%"
"1078",2018-03-26,1.2443,1.2348,1.2463,1.2341,"0,73%"
"1079",2018-03-23,1.2353,1.2302,1.2375,1.2301,"0,41%"
"1080",2018-03-22,1.2302,1.2337,1.2389,1.2285,"-0,29%"
"1081",2018-03-21,1.2338,1.2242,1.2351,1.2241,"0,78%"
"1082",2018-03-20,1.2242,1.2335,1.2356,1.2239,"-0,75%"
"1083",2018-03-19,1.2335,1.2284,1.2361,1.2258,"0,37%"
"1084",2018-03-16,1.2289,1.2305,1.2338,1.2261,"-0,13%"
"1085",2018-03-15,1.2305,1.2366,1.2385,1.2299,"-0,50%"
"1086",2018-03-14,1.2367,1.239,1.2414,1.2347,"-0,19%"
"1087",2018-03-13,1.239,1.2334,1.2408,1.2314,"0,45%"
"1088",2018-03-12,1.2334,1.2311,1.2347,1.2291,"0,22%"
"1089",2018-03-09,1.2307,1.2312,1.2336,1.2273,"-0,04%"
"1090",2018-03-08,1.2312,1.2411,1.2448,1.2298,"-0,81%"
"1091",2018-03-07,1.2413,1.2404,1.2445,1.2385,"0,07%"
"1092",2018-03-06,1.2404,1.2336,1.2422,1.2328,"0,55%"
"1093",2018-03-05,1.2336,1.2323,1.2366,1.2268,"0,15%"
"1094",2018-03-02,1.2317,1.2266,1.2336,1.225,"0,40%"
"1095",2018-03-01,1.2268,1.2193,1.2272,1.2153,"0,61%"
"1096",2018-02-28,1.2194,1.2232,1.2243,1.2188,"-0,31%"
"1097",2018-02-27,1.2232,1.2317,1.2348,1.2221,"-0,70%"
"1098",2018-02-26,1.2318,1.2299,1.2356,1.2278,"0,20%"
"1099",2018-02-23,1.2293,1.2329,1.2337,1.2279,"-0,31%"
"1100",2018-02-22,1.2331,1.2283,1.2354,1.226,"0,38%"
"1101",2018-02-21,1.2284,1.2338,1.2361,1.2281,"-0,44%"
"1102",2018-02-20,1.2338,1.2409,1.2414,1.232,"-0,56%"
"1103",2018-02-19,1.2408,1.2409,1.2435,1.2368,"0,02%"
"1104",2018-02-16,1.2406,1.2506,1.2557,1.2394,"-0,80%"
"1105",2018-02-15,1.2506,1.2449,1.2511,1.2447,"0,45%"
"1106",2018-02-14,1.245,1.2352,1.2467,1.2276,"0,79%"
"1107",2018-02-13,1.2352,1.2293,1.2373,1.2285,"0,49%"
"1108",2018-02-12,1.2292,1.2253,1.2298,1.2234,"0,47%"
"1109",2018-02-09,1.2235,1.2245,1.2289,1.2206,"-0,10%"
"1110",2018-02-08,1.2247,1.2264,1.2297,1.2212,"-0,14%"
"1111",2018-02-07,1.2264,1.2378,1.2407,1.2247,"-0,91%"
"1112",2018-02-06,1.2377,1.2367,1.2434,1.2314,"0,07%"
"1113",2018-02-05,1.2368,1.2455,1.2475,1.2362,"-0,75%"
"1114",2018-02-02,1.2462,1.2508,1.2519,1.2409,"-0,38%"
"1115",2018-02-01,1.251,1.2414,1.2524,1.2386,"0,72%"
"1116",2018-01-31,1.2421,1.2401,1.2476,1.2386,"0,15%"
"1117",2018-01-30,1.2402,1.2383,1.2455,1.2335,"0,15%"
"1118",2018-01-29,1.2383,1.2427,1.2436,1.2336,"-0,31%"
"1119",2018-01-26,1.2421,1.2395,1.2495,1.2371,"0,20%"
"1120",2018-01-25,1.2396,1.2408,1.2537,1.2364,"-0,10%"
"1121",2018-01-24,1.2408,1.2299,1.2417,1.2293,"0,89%"
"1122",2018-01-23,1.2299,1.2263,1.2308,1.2223,"0,30%"
"1123",2018-01-22,1.2262,1.2268,1.2276,1.2214,"0,33%"
"1124",2018-01-19,1.2222,1.2236,1.2296,1.2219,"-0,14%"
"1125",2018-01-18,1.2239,1.2186,1.2267,1.2165,"0,43%"
"1126",2018-01-17,1.2186,1.226,1.2324,1.2176,"-0,61%"
"1127",2018-01-16,1.2261,1.2265,1.2284,1.2194,"-0,02%"
"1128",2018-01-15,1.2263,1.2198,1.2298,1.2188,"0,62%"
"1129",2018-01-12,1.2187,1.2033,1.219,1.2031,"1,29%"
"1130",2018-01-11,1.2032,1.1946,1.206,1.1928,"0,71%"
"1131",2018-01-10,1.1947,1.1938,1.2019,1.1923,"0,08%"
"1132",2018-01-09,1.1937,1.1967,1.1977,1.1916,"-0,25%"
"1133",2018-01-08,1.1967,1.2029,1.2054,1.1956,"-0,52%"
"1134",2018-01-05,1.203,1.2068,1.2085,1.2021,"-0,31%"
"1135",2018-01-04,1.2068,1.2015,1.209,1.2004,"0,45%"
"1136",2018-01-03,1.2014,1.2058,1.207,1.2001,"-0,37%"
"1137",2018-01-02,1.2059,1.2013,1.2084,1.2003,"0,41%"
"1138",2018-01-01,1.201,1.2003,1.2014,1.1995,"0,10%"
"1139",2017-12-29,1.1998,1.1943,1.203,1.1937,"0,46%"
"1140",2017-12-28,1.1943,1.1888,1.1961,1.1888,"0,46%"
"1141",2017-12-27,1.1888,1.1859,1.1912,1.1855,"0,24%"
"1142",2017-12-26,1.1859,1.1867,1.1879,1.1845,"-0,08%"
"1143",2017-12-25,1.1869,1.185,1.1882,1.1842,"0,08%"
"1144",2017-12-22,1.1859,1.1874,1.1878,1.1817,"-0,12%"
"1145",2017-12-21,1.1873,1.1871,1.1889,1.1848,"0,02%"
"1146",2017-12-20,1.1871,1.184,1.1903,1.1829,"0,26%"
"1147",2017-12-19,1.184,1.1782,1.1851,1.1777,"0,49%"
"1148",2017-12-18,1.1782,1.1753,1.1834,1.1737,"0,24%"
"1149",2017-12-15,1.1754,1.1778,1.1814,1.1751,"-0,20%"
"1150",2017-12-14,1.1778,1.1826,1.1863,1.177,"-0,41%"
"1151",2017-12-13,1.1826,1.1743,1.1832,1.1729,"0,72%"
"1152",2017-12-12,1.1742,1.177,1.1794,1.1718,"-0,22%"
"1153",2017-12-11,1.1768,1.1768,1.1812,1.1761,"0,03%"
"1154",2017-12-08,1.1764,1.1772,1.1778,1.1729,"-0,08%"
"1155",2017-12-07,1.1773,1.1796,1.1816,1.1772,"-0,19%"
"1156",2017-12-06,1.1796,1.1825,1.1849,1.178,"-0,25%"
"1157",2017-12-05,1.1826,1.1866,1.1879,1.1801,"-0,34%"
"1158",2017-12-04,1.1866,1.1882,1.189,1.183,"-0,21%"
"1159",2017-12-01,1.1891,1.1904,1.1942,1.1851,"-0,11%"
"1160",2017-11-30,1.1904,1.1847,1.1933,1.1809,"0,47%"
"1161",2017-11-29,1.1848,1.1841,1.1883,1.1816,"0,06%"
"1162",2017-11-28,1.1841,1.1898,1.1921,1.1827,"-0,48%"
"1163",2017-11-27,1.1898,1.1933,1.1962,1.1896,"-0,27%"
"1164",2017-11-24,1.193,1.185,1.1944,1.1835,"0,66%"
"1165",2017-11-23,1.1852,1.1822,1.1856,1.1812,"0,25%"
"1166",2017-11-22,1.1822,1.1738,1.1829,1.1733,"0,72%"
"1167",2017-11-21,1.1738,1.1732,1.1759,1.1713,"0,05%"
"1168",2017-11-20,1.1732,1.1789,1.1808,1.1721,"-0,53%"
"1169",2017-11-17,1.1795,1.1771,1.1823,1.1766,"0,21%"
"1170",2017-11-16,1.177,1.1792,1.1802,1.1756,"-0,19%"
"1171",2017-11-15,1.1792,1.1797,1.1861,1.1784,"-0,05%"
"1172",2017-11-14,1.1798,1.1667,1.1807,1.166,"1,12%"
"1173",2017-11-13,1.1667,1.1666,1.1677,1.1638,"0,02%"
"1174",2017-11-10,1.1665,1.1642,1.168,1.1623,"0,20%"
"1175",2017-11-09,1.1642,1.1596,1.1657,1.1586,"0,41%"
"1176",2017-11-08,1.1595,1.1587,1.1612,1.1578,"0,07%"
"1177",2017-11-07,1.1587,1.161,1.1618,1.1553,"-0,20%"
"1178",2017-11-06,1.161,1.1609,1.1625,1.1579,"0,01%"
"1179",2017-11-03,1.1609,1.166,1.1692,1.1599,"-0,42%"
"1180",2017-11-02,1.1658,1.1619,1.1689,1.1613,"0,34%"
"1181",2017-11-01,1.1619,1.1646,1.1659,1.1607,"-0,23%"
"1182",2017-10-31,1.1646,1.1651,1.1663,1.1625,"-0,04%"
"1183",2017-10-30,1.1651,1.1603,1.166,1.1594,"0,35%"
"1184",2017-10-27,1.161,1.165,1.1659,1.1575,"-0,34%"
"1185",2017-10-26,1.165,1.1812,1.1837,1.1639,"-1,38%"
"1186",2017-10-25,1.1813,1.176,1.1819,1.1752,"0,44%"
"1187",2017-10-24,1.1761,1.1749,1.1794,1.1743,"0,10%"
"1188",2017-10-23,1.1749,1.1773,1.1779,1.1725,"-0,31%"
"1189",2017-10-20,1.1785,1.1853,1.1859,1.1763,"-0,57%"
"1190",2017-10-19,1.1852,1.1788,1.186,1.1768,"0,55%"
"1191",2017-10-18,1.1787,1.1764,1.1806,1.173,"0,18%"
"1192",2017-10-17,1.1766,1.1797,1.1801,1.1734,"-0,26%"
"1193",2017-10-16,1.1797,1.1825,1.1827,1.178,"-0,22%"
"1194",2017-10-13,1.1823,1.1829,1.1875,1.1804,"-0,07%"
"1195",2017-10-12,1.1831,1.1862,1.1881,1.1827,"-0,24%"
"1196",2017-10-11,1.1859,1.1808,1.1871,1.1795,"0,45%"
"1197",2017-10-10,1.1806,1.1738,1.1825,1.1738,"0,56%"
"1198",2017-10-09,1.174,1.1728,1.1757,1.1717,"0,05%"
"1199",2017-10-06,1.1734,1.171,1.1739,1.1668,"0,20%"
"1200",2017-10-05,1.1711,1.1758,1.178,1.1698,"-0,41%"
"1201",2017-10-04,1.1759,1.1742,1.1789,1.1734,"0,13%"
"1202",2017-10-03,1.1744,1.1733,1.1775,1.1696,"0,10%"
"1203",2017-10-02,1.1732,1.1818,1.1818,1.173,"-0,69%"
"1204",2017-09-29,1.1814,1.1787,1.1834,1.1773,"0,24%"
"1205",2017-09-28,1.1786,1.1746,1.1805,1.1721,"0,36%"
"1206",2017-09-27,1.1744,1.1793,1.1797,1.1717,"-0,42%"
"1207",2017-09-26,1.1793,1.1848,1.1863,1.1758,"-0,46%"
"1208",2017-09-25,1.1848,1.1953,1.1962,1.1833,"-0,89%"
"1209",2017-09-22,1.1954,1.1942,1.2006,1.1937,"0,11%"
"1210",2017-09-21,1.1941,1.1894,1.1955,1.1866,"0,40%"
"1211",2017-09-20,1.1893,1.1994,1.2033,1.1862,"-0,84%"
"1212",2017-09-19,1.1994,1.1955,1.2008,1.195,"0,33%"
"1213",2017-09-18,1.1954,1.1949,1.1971,1.1915,"0,09%"
"1214",2017-09-15,1.1943,1.1919,1.1988,1.1901,"0,20%"
"1215",2017-09-14,1.1919,1.1884,1.1922,1.1837,"0,28%"
"1216",2017-09-13,1.1886,1.1968,1.1996,1.1873,"-0,68%"
"1217",2017-09-12,1.1967,1.1953,1.198,1.1926,"0,12%"
"1218",2017-09-11,1.1953,1.2041,1.2041,1.1948,"-0,68%"
"1219",2017-09-08,1.2035,1.2024,1.2094,1.2016,"0,10%"
"1220",2017-09-07,1.2023,1.1917,1.2061,1.1914,"0,89%"
"1221",2017-09-06,1.1917,1.1914,1.1951,1.1903,"0,03%"
"1222",2017-09-05,1.1914,1.1896,1.1941,1.1868,"0,15%"
"1223",2017-09-04,1.1896,1.1858,1.1923,1.1853,"0,31%"
"1224",2017-09-01,1.1859,1.1911,1.1981,1.185,"-0,43%"
"1225",2017-08-31,1.191,1.1884,1.1914,1.1823,"0,23%"
"1226",2017-08-30,1.1883,1.1974,1.1986,1.1881,"-0,74%"
"1227",2017-08-29,1.1972,1.1978,1.2069,1.1944,"-0,06%"
"1228",2017-08-28,1.1979,1.1926,1.1985,1.1917,"0,44%"
"1229",2017-08-25,1.1926,1.1799,1.1942,1.1773,"1,08%"
"1230",2017-08-24,1.1799,1.1807,1.1821,1.1784,"-0,08%"
"1231",2017-08-23,1.1808,1.1763,1.1825,1.174,"0,39%"
"1232",2017-08-22,1.1762,1.1815,1.1826,1.1745,"-0,46%"
"1233",2017-08-21,1.1816,1.175,1.183,1.1731,"0,46%"
"1234",2017-08-18,1.1762,1.1723,1.1775,1.1707,"0,32%"
"1235",2017-08-17,1.1724,1.1767,1.179,1.1662,"-0,39%"
"1236",2017-08-16,1.177,1.1734,1.178,1.1682,"0,30%"
"1237",2017-08-15,1.1735,1.178,1.1794,1.1688,"-0,38%"
"1238",2017-08-14,1.178,1.1806,1.184,1.177,"-0,34%"
"1239",2017-08-11,1.182,1.1772,1.1846,1.1747,"0,41%"
"1240",2017-08-10,1.1772,1.1759,1.1786,1.1704,"0,11%"
"1241",2017-08-09,1.1759,1.1752,1.1765,1.1689,"0,08%"
"1242",2017-08-08,1.175,1.1794,1.1825,1.1714,"-0,38%"
"1243",2017-08-07,1.1795,1.1768,1.1816,1.1768,"0,20%"
"1244",2017-08-04,1.1772,1.1871,1.1893,1.1731,"-0,83%"
"1245",2017-08-03,1.187,1.1856,1.1894,1.1831,"0,12%"
"1246",2017-08-02,1.1856,1.1802,1.1911,1.1794,"0,47%"
"1247",2017-08-01,1.1801,1.1841,1.1846,1.1784,"-0,35%"
"1248",2017-07-31,1.1842,1.1737,1.1847,1.1723,"0,77%"
"1249",2017-07-28,1.1752,1.1677,1.1765,1.1671,"0,64%"
"1250",2017-07-27,1.1677,1.1734,1.1777,1.1649,"-0,49%"
"1251",2017-07-26,1.1734,1.1648,1.1741,1.1613,"0,70%"
"1252",2017-07-25,1.1652,1.1639,1.1713,1.1631,"0,09%"
"1253",2017-07-24,1.1642,1.1662,1.1688,1.1628,"-0,18%"
"1254",2017-07-21,1.1663,1.1634,1.1684,1.162,"0,28%"
"1255",2017-07-20,1.1631,1.1513,1.1657,1.1479,"1,01%"
"1256",2017-07-19,1.1515,1.1553,1.1559,1.1509,"-0,35%"
"1257",2017-07-18,1.1555,1.1479,1.1585,1.1473,"0,66%"
"1258",2017-07-17,1.1479,1.1463,1.1488,1.1433,"0,09%"
"1259",2017-07-14,1.1469,1.14,1.1473,1.1392,"0,61%"
"1260",2017-07-13,1.1399,1.1413,1.1459,1.1373,"-0,11%"
"1261",2017-07-12,1.1412,1.1467,1.1491,1.1392,"-0,48%"
"1262",2017-07-11,1.1467,1.1399,1.1481,1.1383,"0,59%"
"1263",2017-07-10,1.14,1.1391,1.1418,1.1381,"-0,01%"
"1264",2017-07-07,1.1401,1.1423,1.144,1.1379,"-0,19%"
"1265",2017-07-06,1.1423,1.1351,1.1425,1.1329,"0,62%"
"1266",2017-07-05,1.1353,1.1345,1.1369,1.1312,"0,07%"
"1267",2017-07-04,1.1345,1.1366,1.138,1.1338,"-0,17%"
"1268",2017-07-03,1.1364,1.1422,1.1431,1.1357,"-0,54%"
"1269",2017-06-30,1.1426,1.1442,1.1448,1.1393,"-0,13%"
"1270",2017-06-29,1.1441,1.1376,1.1446,1.1373,"0,55%"
"1271",2017-06-28,1.1378,1.1339,1.1392,1.1292,"0,34%"
"1272",2017-06-27,1.1339,1.1183,1.1351,1.1178,"1,40%"
"1273",2017-06-26,1.1182,1.1202,1.1222,1.1173,"-0,11%"
"1274",2017-06-23,1.1194,1.1152,1.1211,1.1145,"0,37%"
"1275",2017-06-22,1.1153,1.1168,1.1179,1.114,"-0,13%"
"1276",2017-06-21,1.1168,1.1133,1.1171,1.1128,"0,31%"
"1277",2017-06-20,1.1134,1.1147,1.1166,1.1117,"-0,13%"
"1278",2017-06-19,1.1149,1.1199,1.1214,1.1141,"-0,43%"
"1279",2017-06-16,1.1197,1.1143,1.1202,1.1138,"0,47%"
"1280",2017-06-15,1.1145,1.1219,1.1231,1.1132,"-0,65%"
